/*
MySQL Data Transfer
Source Host: localhost
Source Database: flowerdb
Target Host: localhost
Target Database: flowerdb
Date: 2013/7/25 14:13:07
*/

SET FOREIGN_KEY_CHECKS=0;
-- ----------------------------
-- Table structure for acct_authority
-- ----------------------------
CREATE TABLE `acct_authority` (
  `id` bigint(20) NOT NULL AUTO_INCREMENT,
  `name` varchar(255) DEFAULT NULL,
  PRIMARY KEY (`id`)
) ENGINE=InnoDB AUTO_INCREMENT=3 DEFAULT CHARSET=utf8;

-- ----------------------------
-- Table structure for acct_role
-- ----------------------------
CREATE TABLE `acct_role` (
  `id` bigint(20) NOT NULL AUTO_INCREMENT,
  `name` varchar(255) DEFAULT NULL,
  PRIMARY KEY (`id`)
) ENGINE=InnoDB AUTO_INCREMENT=3 DEFAULT CHARSET=utf8;

-- ----------------------------
-- Table structure for acct_role_authority
-- ----------------------------
CREATE TABLE `acct_role_authority` (
  `role_id` bigint(20) NOT NULL,
  `authority_id` bigint(20) NOT NULL,
  KEY `FKAE243466A6F5A823` (`role_id`),
  KEY `FKAE2434666061E651` (`authority_id`),
  CONSTRAINT `FKAE2434666061E651` FOREIGN KEY (`authority_id`) REFERENCES `acct_authority` (`id`),
  CONSTRAINT `FKAE243466A6F5A823` FOREIGN KEY (`role_id`) REFERENCES `acct_role` (`id`)
) ENGINE=InnoDB DEFAULT CHARSET=utf8;

-- ----------------------------
-- Table structure for acct_user
-- ----------------------------
CREATE TABLE `acct_user` (
  `id` bigint(20) NOT NULL AUTO_INCREMENT,
  `address` varchar(255) DEFAULT NULL,
  `area` varchar(255) DEFAULT NULL,
  `city` varchar(255) DEFAULT NULL,
  `create_date` datetime DEFAULT NULL,
  `edudegree` varchar(255) DEFAULT NULL,
  `email` varchar(255) DEFAULT NULL,
  `introduction` varchar(255) DEFAULT NULL,
  `last_login_date` datetime DEFAULT NULL,
  `linktel` varchar(255) DEFAULT NULL,
  `login_name` varchar(255) DEFAULT NULL,
  `login_times` bigint(20) NOT NULL,
  `name` varchar(255) DEFAULT NULL,
  `nick` varchar(255) DEFAULT NULL,
  `password` varchar(255) DEFAULT NULL,
  `province` varchar(255) DEFAULT NULL,
  `pwdanswer` varchar(255) DEFAULT NULL,
  `pwdquestion` varchar(255) DEFAULT NULL,
  `role_name` varchar(255) DEFAULT NULL,
  `sex` varchar(255) DEFAULT NULL,
  `userlock` bit(1) NOT NULL,
  PRIMARY KEY (`id`)
) ENGINE=InnoDB AUTO_INCREMENT=5 DEFAULT CHARSET=utf8;

-- ----------------------------
-- Table structure for acct_user_role
-- ----------------------------
CREATE TABLE `acct_user_role` (
  `user_id` bigint(20) NOT NULL,
  `role_id` bigint(20) NOT NULL,
  KEY `FKFE85CB3EA6F5A823` (`role_id`),
  KEY `FKFE85CB3E4C206C03` (`user_id`),
  CONSTRAINT `FKFE85CB3E4C206C03` FOREIGN KEY (`user_id`) REFERENCES `acct_user` (`id`),
  CONSTRAINT `FKFE85CB3EA6F5A823` FOREIGN KEY (`role_id`) REFERENCES `acct_role` (`id`)
) ENGINE=InnoDB DEFAULT CHARSET=utf8;

-- ----------------------------
-- Table structure for t_f_order
-- ----------------------------
CREATE TABLE `t_f_order` (
  `id` bigint(20) NOT NULL AUTO_INCREMENT,
  `createdate` datetime DEFAULT NULL,
  `ispublic` bit(1) NOT NULL,
  `publishdate` datetime DEFAULT NULL,
  `remark` longtext,
  `title` varchar(255) DEFAULT NULL,
  PRIMARY KEY (`id`)
) ENGINE=InnoDB AUTO_INCREMENT=4 DEFAULT CHARSET=utf8;

-- ----------------------------
-- Table structure for t_flower
-- ----------------------------
CREATE TABLE `t_flower` (
  `id` bigint(20) NOT NULL AUTO_INCREMENT,
  `createdate` datetime DEFAULT NULL,
  `ispublic` bit(1) NOT NULL,
  `linkurl` varchar(255) DEFAULT NULL,
  `picurl` varchar(255) DEFAULT NULL,
  `publishdate` datetime DEFAULT NULL,
  `remark` longtext,
  `title` varchar(255) DEFAULT NULL,
  PRIMARY KEY (`id`)
) ENGINE=InnoDB AUTO_INCREMENT=7 DEFAULT CHARSET=utf8;

-- ----------------------------
-- Table structure for t_links
-- ----------------------------
CREATE TABLE `t_links` (
  `id` bigint(20) NOT NULL AUTO_INCREMENT,
  `createdate` datetime DEFAULT NULL,
  `ispublic` bit(1) NOT NULL,
  `linkurl` varchar(255) DEFAULT NULL,
  `picurl` varchar(255) DEFAULT NULL,
  `publishdate` datetime DEFAULT NULL,
  `remark` longtext,
  `title` varchar(255) DEFAULT NULL,
  `type` int(11) NOT NULL,
  PRIMARY KEY (`id`)
) ENGINE=InnoDB AUTO_INCREMENT=54 DEFAULT CHARSET=utf8;

-- ----------------------------
-- Table structure for t_message
-- ----------------------------
CREATE TABLE `t_message` (
  `id` bigint(20) NOT NULL AUTO_INCREMENT,
  `createdate` datetime DEFAULT NULL,
  `ispublic` bit(1) NOT NULL,
  `publishdate` datetime DEFAULT NULL,
  `remark` longtext,
  `title` varchar(255) DEFAULT NULL,
  PRIMARY KEY (`id`)
) ENGINE=InnoDB AUTO_INCREMENT=5 DEFAULT CHARSET=utf8;

-- ----------------------------
-- Table structure for t_news
-- ----------------------------
CREATE TABLE `t_news` (
  `id` bigint(20) NOT NULL AUTO_INCREMENT,
  `createdate` datetime DEFAULT NULL,
  `desciption` longtext,
  `ispublish` bit(1) DEFAULT NULL,
  `link` varchar(255) DEFAULT NULL,
  `publishdate` datetime DEFAULT NULL,
  `source` varchar(255) DEFAULT NULL,
  `title` varchar(255) DEFAULT NULL,
  `type` int(11) NOT NULL,
  `viewcount` bigint(20) NOT NULL,
  PRIMARY KEY (`id`)
) ENGINE=InnoDB AUTO_INCREMENT=36 DEFAULT CHARSET=utf8;

-- ----------------------------
-- Records 
-- ----------------------------
INSERT INTO `acct_authority` VALUES ('1', '后台管理员');
INSERT INTO `acct_authority` VALUES ('2', '注册会员');
INSERT INTO `acct_role` VALUES ('1', '后台管理员');
INSERT INTO `acct_role` VALUES ('2', '注册会员');
INSERT INTO `acct_role_authority` VALUES ('1', '1');
INSERT INTO `acct_role_authority` VALUES ('2', '2');
INSERT INTO `acct_user` VALUES ('1', null, null, null, '2013-07-25 13:40:10', null, null, null, '2013-02-04 16:28:01', null, 'admin', '89', 'admin', '后台管理员', 'admin', null, null, null, null, null, '');
INSERT INTO `acct_user` VALUES ('2', '11111111', '市辖区', '石家庄市', '2012-12-02 21:52:49', null, '11111@126.com', null, '2012-12-25 12:39:37', '11111', 'user123', '24', '2222', '122', '123456', '河北省', '22222222', '12111', '注册会员', '男', '');
INSERT INTO `acct_user` VALUES ('3', 'wwwwwwww', '市辖区', '南京市', '2012-12-09 21:10:43', null, '', null, null, 'wwwww', 'adminqian', '0', 'qwwww', '1222', '111111', '江苏省', '2222222', '1122222', '注册会员', '男', '');
INSERT INTO `acct_user` VALUES ('4', '222', '市辖区', '石家庄市', '2013-01-29 10:21:33', null, '', null, '2013-01-29 10:29:54', '11111', 'user12', '2', '1111', '111', '111111', '河北省', '22222', '22222', '注册会员', '男', '');
INSERT INTO `acct_user_role` VALUES ('1', '1');
INSERT INTO `acct_user_role` VALUES ('2', '2');
INSERT INTO `acct_user_role` VALUES ('3', '2');
INSERT INTO `acct_user_role` VALUES ('4', '2');
INSERT INTO `t_f_order` VALUES ('1', '2013-07-19 16:30:22', '', null, '111', '22222');
INSERT INTO `t_f_order` VALUES ('2', '2013-07-24 16:13:09', '', null, '1122222', '11223');
INSERT INTO `t_f_order` VALUES ('3', '2013-07-24 16:13:20', '', null, '3333333', '22333');
INSERT INTO `t_flower` VALUES ('1', '2013-07-25 13:47:02', '', '', '/201307/im1374731213274415.jpg', '2013-07-25 13:57:46', '<div class=\"biggoodName\">\r\n	<h1>\r\n		<span style=\"font-size:14px;\">守候爱情 是甜蜜的琼浆，醉人的纯酒</span><span class=\"b\"><span style=\"font-size:14px;\">12朵白玫瑰，绣球或勿忘我，</span><span style=\"font-size:14px;\">绿叶搭配。白色，浅蓝色包装纸多层包装，蓝色丝带扎束☆爱你如初，我将会一直为你守候*o*</span></span>\r\n	</h1>\r\n</div>\r\n<table class=\"a2\">\r\n	<tbody>\r\n		<tr>\r\n			<td class=\"a3\" align=\"left\">\r\n				商品评分：\r\n			</td>\r\n			<td class=\"a4\" align=\"left\">\r\n				<a href=\"http://www.xianhua.cn/product_193.html#comments\"><img src=\"http://bak.xianhua.com.cn/themes/xianhua/images/stars5.gif\" border=\"0\" height=\"11\" /></a> \r\n			</td>\r\n		</tr>\r\n		<tr>\r\n			<td class=\"a3\" align=\"left\">\r\n				商品编号：\r\n			</td>\r\n			<td class=\"a4\" align=\"left\">\r\n				鲜花/042309\r\n			</td>\r\n		</tr>\r\n		<tr>\r\n			<td class=\"a3\" align=\"left\">\r\n				<span>鲜花用途</span>：\r\n			</td>\r\n			<td class=\"a4\" align=\"left\">\r\n				爱情																																							亲情																				\r\n																			生日																																							祝福										\r\n																													道歉																																							探望\r\n																																							周年纪念\r\n			</td>\r\n		</tr>\r\n		<tr>\r\n			<td class=\"a3\" align=\"left\">\r\n				<span>鲜花主材</span>：\r\n			</td>\r\n			<td class=\"a4\" align=\"left\">\r\n				白玫瑰\r\n			</td>\r\n		</tr>\r\n		<tr>\r\n			<td class=\"a3\" align=\"left\">\r\n				<span>花束辅材</span>：\r\n			</td>\r\n			<td class=\"a4\" align=\"left\">\r\n				包装纸																																							丝带扎束																	\r\n																						多层包装																																							勿忘我\r\n			</td>\r\n		</tr>\r\n		<tr>\r\n			<td class=\"a3\" align=\"left\">\r\n				<span>送花对象</span>：\r\n			</td>\r\n			<td class=\"a4\" align=\"left\">\r\n				爱人																																							老师																				\r\n																			父母																																							朋友/同事\r\n			</td>\r\n		</tr>\r\n		<tr>\r\n			<td class=\"a3\" align=\"left\">\r\n				<span>送花节日</span>：\r\n			</td>\r\n			<td class=\"a4\" align=\"left\">\r\n				情人节																																							圣诞节																		\r\n																					教师节																																							白色情人节				\r\n																																			感恩节\r\n			</td>\r\n		</tr>\r\n		<tr>\r\n			<td class=\"a3\" align=\"left\">\r\n				<span class=\"a9\">服务</span>：\r\n			</td>\r\n			<td class=\"a4\" align=\"left\">\r\n				免费附赠精美贺卡，可自撰写<span id=\"__kindeditor_bookmark_start_11__\" style=\"display:none;\"></span>祝福语\r\n			</td>\r\n		</tr>\r\n	</tbody>\r\n</table>', '守候爱情 是甜蜜的琼浆，醉人的纯酒');
INSERT INTO `t_flower` VALUES ('2', '2013-07-25 13:47:50', '', '', '/201307/im1374731267418796.jpg', '2013-07-25 13:57:46', '<h1>\r\n	<div class=\"biggoodName\">\r\n		<h1>\r\n			<span style=\"font-size:14px;\">梦幻之恋 永恒的爱恋，无尽的爱</span><span class=\"b\"><span style=\"font-size:14px;\">九朵昆明A级红玫瑰+情人草搭配+红色包装纸+精美扇形丝带扎束.你是我永恒的爱恋,有图有真相/市场最低价,全网销量N</span><span style=\"font-size:14px;\">o.1(^o^)~</span></span>\r\n		</h1>\r\n	</div>\r\n	<table class=\"a2\">\r\n		<tbody>\r\n			<tr>\r\n				<td class=\"a3\" align=\"left\">\r\n					商品评分：\r\n				</td>\r\n				<td class=\"a4\" align=\"left\">\r\n					<a href=\"http://www.xianhua.cn/product_61.html#comments\"><img src=\"http://bak.xianhua.com.cn/themes/xianhua/images/stars5.gif\" border=\"0\" height=\"11\" /></a> \r\n				</td>\r\n			</tr>\r\n			<tr>\r\n				<td class=\"a3\" align=\"left\">\r\n					商品编号：\r\n				</td>\r\n				<td class=\"a4\" align=\"left\">\r\n					鲜花/XH0061\r\n				</td>\r\n			</tr>\r\n			<tr>\r\n				<td class=\"a3\" align=\"left\">\r\n					<span>鲜花用途</span>：\r\n				</td>\r\n				<td class=\"a4\" align=\"left\">\r\n					爱情																																							生日																				\r\n																			祝福																																							道歉										\r\n																													探望																																							友情\r\n																																							周年纪念\r\n				</td>\r\n			</tr>\r\n			<tr>\r\n				<td class=\"a3\" align=\"left\">\r\n					<span>鲜花主材</span>：\r\n				</td>\r\n				<td class=\"a4\" align=\"left\">\r\n					红玫瑰\r\n				</td>\r\n			</tr>\r\n			<tr>\r\n				<td class=\"a3\" align=\"left\">\r\n					<span>花束辅材</span>：\r\n				</td>\r\n				<td class=\"a4\" align=\"left\">\r\n					情人草																																							包装纸																		\r\n																					扇形包装																																							丝带扎束\r\n				</td>\r\n			</tr>\r\n			<tr>\r\n				<td class=\"a3\" align=\"left\">\r\n					<span>送花对象</span>：\r\n				</td>\r\n				<td class=\"a4\" align=\"left\">\r\n					爱人																																							老师																				\r\n																			客户																																							领导/长辈							\r\n																																朋友/同事\r\n				</td>\r\n			</tr>\r\n			<tr>\r\n				<td class=\"a3\" align=\"left\">\r\n					<span>送花节日</span>：\r\n				</td>\r\n				<td class=\"a4\" align=\"left\">\r\n					情人节																																							白色情人节																\r\n																							七夕																																							感恩节					\r\n																																		圣诞节\r\n				</td>\r\n			</tr>\r\n			<tr>\r\n				<td class=\"a3\" align=\"left\">\r\n					<span class=\"a9\">服务</span>：\r\n				</td>\r\n				<td class=\"a4\" align=\"left\">\r\n					免费附赠精美贺卡，可自撰写<span id=\"__kindeditor_bookmark_start_24__\" style=\"display:none;\"></span>祝福语\r\n				</td>\r\n			</tr>\r\n		</tbody>\r\n	</table>\r\n</h1>', '梦幻之恋 永恒的爱恋，无尽的爱');
INSERT INTO `t_flower` VALUES ('3', '2013-07-25 13:48:54', '', '', '/201307/im137473133122343.jpg', '2013-07-25 13:57:46', '<h1>\r\n	<div class=\"biggoodName\">\r\n		<h1>\r\n			<span style=\"font-size:14px;\">一直很爱你 有一种感觉叫做爱</span><span class=\"b\"><span style=\"font-size:14px;\">昆明A级红玫瑰11朵+黄莺或蕾丝丰满+白绵纸圆形围裹.白色纱网外围,红色蝴蝶结束<span style=\"font-size:14px;\">扎.认识你才知道有</span></span><span style=\"font-size:14px;\">一种心情叫依恋∩_∩</span></span>\r\n		</h1>\r\n	</div>\r\n	<table class=\"a2\">\r\n		<tbody>\r\n			<tr>\r\n				<td class=\"a3\" align=\"left\">\r\n					商品评分：\r\n				</td>\r\n				<td class=\"a4\" align=\"left\">\r\n					<a href=\"http://www.xianhua.cn/product_102.html#comments\"><img src=\"http://bak.xianhua.com.cn/themes/xianhua/images/stars5.gif\" border=\"0\" height=\"11\" /></a> \r\n				</td>\r\n			</tr>\r\n			<tr>\r\n				<td class=\"a3\" align=\"left\">\r\n					商品编号：\r\n				</td>\r\n				<td class=\"a4\" align=\"left\">\r\n					鲜花/041203\r\n				</td>\r\n			</tr>\r\n			<tr>\r\n				<td class=\"a3\" align=\"left\">\r\n					<span>鲜花用途</span>：\r\n				</td>\r\n				<td class=\"a4\" align=\"left\">\r\n					生日																																							亲情																				\r\n																			祝福																																							道歉										\r\n																													友情																																							探望\r\n				</td>\r\n			</tr>\r\n			<tr>\r\n				<td class=\"a3\" align=\"left\">\r\n					<span>鲜花主材</span>：\r\n				</td>\r\n				<td class=\"a4\" align=\"left\">\r\n					红玫瑰\r\n				</td>\r\n			</tr>\r\n			<tr>\r\n				<td class=\"a3\" align=\"left\">\r\n					<span>花束辅材</span>：\r\n				</td>\r\n				<td class=\"a4\" align=\"left\">\r\n					黄莺																																							纱网																				\r\n																			白绵纸																																							蝴蝶结								\r\n																															蕾丝\r\n				</td>\r\n			</tr>\r\n			<tr>\r\n				<td class=\"a3\" align=\"left\">\r\n					<span>送花对象</span>：\r\n				</td>\r\n				<td class=\"a4\" align=\"left\">\r\n					爱人																																							老师																				\r\n																			病人																																							父母\r\n				</td>\r\n			</tr>\r\n			<tr>\r\n				<td class=\"a3\" align=\"left\">\r\n					<span>送花节日</span>：\r\n				</td>\r\n				<td class=\"a4\" align=\"left\">\r\n					情人节																																							感恩节																		\r\n																					圣诞节																																							七夕							\r\n																																3.8妇女节\r\n				</td>\r\n			</tr>\r\n			<tr>\r\n				<td class=\"a3\" align=\"left\">\r\n					<span class=\"a9\">服务</span>：\r\n				</td>\r\n				<td class=\"a4\" align=\"left\">\r\n					免费附赠精美贺卡，可自撰写祝福语\r\n				</td>\r\n			</tr>\r\n		</tbody>\r\n	</table>\r\n</h1>\r\n<strong></strong>', '一直很爱你 有一种感觉叫做爱');
INSERT INTO `t_flower` VALUES ('4', '2013-07-25 13:49:58', '', '', '/201307/im1374731389154727.jpg', '2013-07-25 13:57:46', '<div class=\"biggoodName\">\r\n	<h1>\r\n		<span style=\"font-size:14px;\">一生的期盼 喜欢你是淡淡的爱</span><span style=\"font-size:14px;\" class=\"b\">9朵红玫瑰+满天星+黄莺点缀.内衬白色棉纸,外围红色皱纹纸,粉色棉纸束腰,粉色丝带搭配.祝你快乐永远,一生都幸福美满^v^~</span>\r\n	</h1>\r\n</div>\r\n<table class=\"a2\">\r\n	<tbody>\r\n		<tr>\r\n			<td class=\"a3\" align=\"left\">\r\n				商品评分：\r\n			</td>\r\n			<td class=\"a4\" align=\"left\">\r\n				<a href=\"http://www.xianhua.cn/product_69.html#comments\"><img src=\"http://bak.xianhua.com.cn/themes/xianhua/images/stars5.gif\" border=\"0\" height=\"11\" /></a> \r\n			</td>\r\n		</tr>\r\n		<tr>\r\n			<td class=\"a3\" align=\"left\">\r\n				商品编号：\r\n			</td>\r\n			<td class=\"a4\" align=\"left\">\r\n				鲜花/041114\r\n			</td>\r\n		</tr>\r\n		<tr>\r\n			<td class=\"a3\" align=\"left\">\r\n				<span>鲜花用途</span>：\r\n			</td>\r\n			<td class=\"a4\" align=\"left\">\r\n				爱情																																							探望																				\r\n																			祝福																																							求婚										\r\n																													婚庆																																							\r\n周年纪念\r\n			</td>\r\n		</tr>\r\n		<tr>\r\n			<td class=\"a3\" align=\"left\">\r\n				<span>鲜花主材</span>：\r\n			</td>\r\n			<td class=\"a4\" align=\"left\">\r\n				红玫瑰\r\n			</td>\r\n		</tr>\r\n		<tr>\r\n			<td class=\"a3\" align=\"left\">\r\n				<span>花束辅材</span>：\r\n			</td>\r\n			<td class=\"a4\" align=\"left\">\r\n				满天星																																							丝带结																		\r\n																					黄莺																																							皱纹纸\r\n			</td>\r\n		</tr>\r\n		<tr>\r\n			<td class=\"a3\" align=\"left\">\r\n				<span>送花对象</span>：\r\n			</td>\r\n			<td class=\"a4\" align=\"left\">\r\n				爱人																																							老师																				\r\n																			父母																																							领导/长辈							\r\n																																朋友/同事\r\n			</td>\r\n		</tr>\r\n		<tr>\r\n			<td class=\"a3\" align=\"left\">\r\n				<span>送花节日</span>：\r\n			</td>\r\n			<td class=\"a4\" align=\"left\">\r\n				情人节																																							七夕																			\r\n																				春节																																							中秋节								\r\n																															3.8妇女节\r\n			</td>\r\n		</tr>\r\n		<tr>\r\n			<td class=\"a3\" align=\"left\">\r\n				<span class=\"a9\">服务</span>：\r\n			</td>\r\n			<td class=\"a4\" align=\"left\">\r\n				免费附赠精美贺卡，可自撰写<span id=\"__kindeditor_bookmark_start_17__\" style=\"display:none;\"></span>祝福语\r\n			</td>\r\n		</tr>\r\n	</tbody>\r\n</table>\r\n<br />', '一生的期盼 喜欢你是淡淡的爱');
INSERT INTO `t_flower` VALUES ('5', '2013-07-25 13:51:41', '', '', '/201307/im1374731435417217.jpg', '2013-07-25 13:57:46', '<div class=\"biggoodName\">\r\n	<h1>\r\n		<span style=\"font-size:14px;\">天使的祝福 愿你每天都快乐幸福</span><span style=\"font-size:14px;\" class=\"b\">11朵精品昆明A级红玫瑰+黄莺点缀+可爱小熊公仔1只,\r\n内衬紫色棉纸 外围精美粉色裙边包装,对你的爱一生一世、一心一意★~★</span> \r\n	</h1>\r\n</div>\r\n<table class=\"a2\">\r\n	<tbody>\r\n		<tr>\r\n			<td class=\"a3\" align=\"left\">\r\n				商品评分：\r\n			</td>\r\n			<td class=\"a4\" align=\"left\">\r\n				<a href=\"http://www.xianhua.cn/product_1.html#comments\"><img src=\"http://bak.xianhua.com.cn/themes/xianhua/images/stars5.gif\" border=\"0\" height=\"11\" /></a> \r\n			</td>\r\n		</tr>\r\n		<tr>\r\n			<td class=\"a3\" align=\"left\">\r\n				商品编号：\r\n			</td>\r\n			<td class=\"a4\" align=\"left\">\r\n				鲜花/053301\r\n			</td>\r\n		</tr>\r\n		<tr>\r\n			<td class=\"a3\" align=\"left\">\r\n				<span>鲜花用途</span>：\r\n			</td>\r\n			<td class=\"a4\" align=\"left\">\r\n				爱情																																							道歉																				\r\n																			祝福																																							周年纪念								\r\n																															探望\r\n			</td>\r\n		</tr>\r\n		<tr>\r\n			<td class=\"a3\" align=\"left\">\r\n				<span>鲜花主材</span>：\r\n			</td>\r\n			<td class=\"a4\" align=\"left\">\r\n				红玫瑰\r\n			</td>\r\n		</tr>\r\n		<tr>\r\n			<td class=\"a3\" align=\"left\">\r\n				<span>花束辅材</span>：\r\n			</td>\r\n			<td class=\"a4\" align=\"left\">\r\n				黄莺																																							小熊																				\r\n																			紫绵纸																																							裙边纸\r\n			</td>\r\n		</tr>\r\n		<tr>\r\n			<td class=\"a3\" align=\"left\">\r\n				<span>送花对象</span>：\r\n			</td>\r\n			<td class=\"a4\" align=\"left\">\r\n				爱人																																							老师																				\r\n																			父母																																							领导/长辈							\r\n																																朋友/同事\r\n			</td>\r\n		</tr>\r\n		<tr>\r\n			<td class=\"a3\" align=\"left\">\r\n				<span>送花节日</span>：\r\n			</td>\r\n			<td class=\"a4\" align=\"left\">\r\n				情人节																																							圣诞节																		\r\n																					中秋节																																							元旦							\r\n																																通用\r\n			</td>\r\n		</tr>\r\n		<tr>\r\n			<td class=\"a3\" align=\"left\">\r\n				<span class=\"a9\">服务</span>：\r\n			</td>\r\n			<td class=\"a4\" align=\"left\">\r\n				免费附赠精美贺卡，可自撰写<span id=\"__kindeditor_bookmark_start_9__\" style=\"display:none;\"></span>祝福语\r\n			</td>\r\n		</tr>\r\n	</tbody>\r\n</table>', '天使的祝福 愿你每天都快乐幸福');
INSERT INTO `t_flower` VALUES ('6', '2013-07-25 13:57:30', '', '', '/201307/im137473183705282.jpg', '2013-07-25 13:57:46', '<div class=\"biggoodName\">\r\n	<h1>\r\n		<span style=\"font-size:14px;\">你我相约 纯纯的情，美美的人</span><span style=\"font-size:14px;\" class=\"b\">3朵精选昆明A级红玫瑰+1只小熊+配石竹梅+精美包装.节日送朋友/爱人佳品.纯纯的情,美美的人/共过佳节,你我幸福快乐相约~</span>\r\n	</h1>\r\n</div>\r\n<table class=\"a2\">\r\n	<tbody>\r\n		<tr>\r\n			<td class=\"a3\" align=\"left\">\r\n				商品评分：\r\n			</td>\r\n			<td class=\"a4\" align=\"left\">\r\n				<a href=\"http://www.xianhua.cn/product_1479.html#comments\"><img src=\"http://bak.xianhua.com.cn/themes/xianhua/images/stars5.gif\" border=\"0\" height=\"11\" /></a> \r\n			</td>\r\n		</tr>\r\n		<tr>\r\n			<td class=\"a3\" align=\"left\">\r\n				商品编号：\r\n			</td>\r\n			<td class=\"a4\" align=\"left\">\r\n				鲜花/052689\r\n			</td>\r\n		</tr>\r\n		<tr>\r\n			<td class=\"a3\" align=\"left\">\r\n				<span>鲜花用途</span>：\r\n			</td>\r\n			<td class=\"a4\" align=\"left\">\r\n				爱情																																							祝福																				\r\n																			生日																																							亲情										\r\n																													会议\r\n			</td>\r\n		</tr>\r\n		<tr>\r\n			<td class=\"a3\" align=\"left\">\r\n				<span>鲜花主材</span>：\r\n			</td>\r\n			<td class=\"a4\" align=\"left\">\r\n				红玫瑰\r\n			</td>\r\n		</tr>\r\n		<tr>\r\n			<td class=\"a3\" align=\"left\">\r\n				<span>花束辅材</span>：\r\n			</td>\r\n			<td class=\"a4\" align=\"left\">\r\n				小熊																																							石竹梅																			\r\n																				精美包装\r\n			</td>\r\n		</tr>\r\n		<tr>\r\n			<td class=\"a3\" align=\"left\">\r\n				<span>送花对象</span>：\r\n			</td>\r\n			<td class=\"a4\" align=\"left\">\r\n				爱人																																							老师																				\r\n																			父母																																							领导/长辈							\r\n																																朋友/同事\r\n			</td>\r\n		</tr>\r\n		<tr>\r\n			<td class=\"a3\" align=\"left\">\r\n				<span>送花节日</span>：\r\n			</td>\r\n			<td class=\"a4\" align=\"left\">\r\n				情人节																																							其它节日																	\r\n																						七夕																																							教师节						\r\n																																	3.8妇女节\r\n			</td>\r\n		</tr>\r\n		<tr>\r\n			<td class=\"a3\" align=\"left\">\r\n				<span class=\"a9\">服务</span>：\r\n			</td>\r\n			<td class=\"a4\" align=\"left\">\r\n				免费附赠精美贺卡，可自撰写<span id=\"__kindeditor_bookmark_start_16__\" style=\"display:none;\"></span>祝福语\r\n			</td>\r\n		</tr>\r\n	</tbody>\r\n</table>', '你我相约 纯纯的情，美美的人');
INSERT INTO `t_links` VALUES ('5', '2013-07-25 14:10:32', '', '关于我们', null, null, '<h3>\r\n	<span style=\"color:#0000ff;\"><span style=\"font-size:14px;color:#000000;\"> 南京短平快汽车玻璃修复中心,【</span><span style=\"color:#0000ff;\"><span style=\"font-size:14px;color:#000000;\">百度</span><span style=\"color:#000000;font-size:14px;\">指定</span><span style=\"font-size:14px;color:#000000;\">，交广网</span></span><span style=\"color:#000000;font-size:14px;\">推荐诚信品牌单位</span><span style=\"font-size:14px;color:#000000;\">】,</span></span><span style=\"color:#0000ff;\"><span style=\"font-size:14px;color:#000000;\">【</span><span style=\"color:#000000;font-size:14px;\">奥迪宝马奔驰等多家4S指定定点技术服务中心</span><span style=\"font-size:14px;color:#000000;\">】.汽车玻璃修复行业【</span><span style=\"color:#000000;font-size:14px;\"><span style=\"background-color:#FFFFFF;font-size:14px;color:#000000;\">口碑最佳</span></span><span style=\"font-size:14px;color:#000000;\">】,【</span><span style=\"color:#000000;font-size:14px;\">技术最全面</span><span style=\"font-size:14px;color:#000000;\">】。美国 </span><span style=\"font-size:14px;color:#000000;\">G</span> <span style=\"font-size:14px;color:#000000;\">GLASS </span><span style=\"font-size:14px;color:#000000;\">30年专业汽车玻璃修复技术为后盾，</span></span><span style=\"color:#000000;font-size:14px;\">10多年实车修复经验，品牌老店，</span><span style=\"color:#000000;font-size:14px;\">为您安全行车护驾保航。</span>\r\n</h3>\r\n<p>\r\n	<span style=\"color:#E53333;\"> </span><span style=\"color:#E53333;\"><br />\r\n</span>\r\n</p>\r\n<p>\r\n	<span style=\"color:#E53333;\"><br />\r\n</span>\r\n</p>\r\n<p>\r\n	<span style=\"color:#E53333;\"><br />\r\n</span>\r\n</p>\r\n<p>\r\n	<span style=\"color:#E53333;\">&nbsp;&nbsp;&nbsp;&nbsp;&nbsp;&nbsp;&nbsp;&nbsp;联系人：颜小姐 | 联系电话：13305186075 | 联系邮箱：yanshiping65@163.com | QQ：1269328535</span> \r\n</p>\r\n<br />\r\n<p>\r\n	<br />\r\n</p>\r\n<p>\r\n	<br />\r\n</p>\r\n<p>\r\n	<br />\r\n</p>', '关于我们', '0');
INSERT INTO `t_links` VALUES ('12', '2013-07-24 17:06:44', '', 'http://www.autoglass.cn/', null, '2013-07-25 09:58:16', '中国汽车玻璃网', '中国汽车玻璃网', '1');
INSERT INTO `t_links` VALUES ('13', '2013-07-25 09:47:47', '', 'http://www.glass.cn/', null, '2013-07-25 09:58:16', '中华玻璃网', '中华玻璃网', '1');
INSERT INTO `t_links` VALUES ('14', '2013-07-25 09:48:43', '', 'http://www.wjw.cn/', null, '2013-07-25 09:58:16', '全球五金网', '全球五金网', '1');
INSERT INTO `t_links` VALUES ('15', '2013-07-25 09:52:09', '', 'http://www.glass.com.cn/', null, '2013-07-25 09:58:16', '中国玻璃网', '中国玻璃网', '1');
INSERT INTO `t_links` VALUES ('16', '2013-07-25 09:55:14', '', 'http://www.xici.net/b1331766/', null, '2013-07-25 09:58:16', '<strong>http://www.xici.net/b1331766/</strong>', '都市花浓', '1');
INSERT INTO `t_links` VALUES ('17', '2013-07-25 09:58:12', '', 'http://www.hua.com/', null, '2013-07-25 09:58:16', 'http://www.hua.com/', '中国鲜花礼品网', '1');
INSERT INTO `t_links` VALUES ('18', '2013-07-25 10:00:26', '', '', '/201307/im1374717606175750.jpg', '2013-07-25 10:03:48', '<h2>\r\n	厂家介绍:\r\n</h2>\r\n<p>\r\n	福耀集团是国内最具规模、技术水平最高、出口量最大的汽车玻璃\r\n生产供应商，产品“FY”商标是中国汽车玻璃行业迄今为止唯一的“中国驰名商标”，自2004年起连续两届被授予“中国名牌产品”称号；福耀产品被中国质\r\n量协会评选为“全国用户满意产品”，福耀集团董事会是“十佳董事会”，福耀玻璃股票为上证50指数样本股、《新财经》“漂亮50”、“中证·亚商中国最具\r\n发展潜力上市公司50强”，等等。福耀集团多年来一直是最具成长性的50家蓝筹A股上市公司，同时还是“中国最佳企业公民”、“2007CCTV年度最佳\r\n雇主”。<br />\r\n&nbsp;&nbsp;&nbsp;&nbsp;&nbsp; \r\n福耀玻璃工业集团股份有限公司（含其前身），1987年在中国福州注册成立，是一家专业生产汽车安全玻璃和工业技术玻璃的中外合资企业。1993年，福耀\r\n集团股票在上海证券交易所挂牌，成为中国同行业首家上市公司，股票简称：福耀玻璃，股票代码：600660。福耀集团现有员工一万多人，目前已在福清、长\r\n春、上海、重庆、北京、广州、湖北等地建立了汽车玻璃生产基地，还分别在福建福清、吉林双辽、内蒙通辽、海南海口等地建立了现代化的浮法玻璃生产基地，在\r\n国内形成了一整套贯穿东南西北合纵联横的产销网络体系。目前福耀集团拥有工厂13个；浮法玻璃生产基地4个（浮法玻璃生产线9条）；工程玻璃公司1个；汽\r\n配公司1个；海外公司1个；玻璃工程研究院1个；机械制造公司1个；海南矿沙1个。总生产规模达到2500万（台）套。福耀集团总资产由1987年注册时\r\n的627万增长至目前的90多亿元人民币，还设立了中国香港、美国子公司，并在日本、韩国、澳大利亚、俄罗斯、德国及西欧、东欧等国家设立了商务机构，成\r\n为名副其实的大型跨国工业集团。<br />\r\n&nbsp;重视品牌经营，产品质量可靠、稳定，所有产品均获得相应的美国DOT标准、欧共体ECE标准、澳大利亚SAA标准、中国3C标准、韩国KS标准、巴西、\r\n印尼等认证。产品的标志“FY”商标还是国内乃至亚洲唯一一家于2000年度获得全球三大汽车制造商之一的美国福特汽车公司颁发的全球优秀供应商金奖的汽\r\n车玻璃制造企业，是2007年度国际上唯一获得美国PACCAR \r\n“2006年度零部件最佳供应商”称号的汽车玻璃制造企业，公司还于2008年度获得美国通用汽车公司颁发的“通用2008最佳供应商”奖和德国\r\nVolvo集团授予的2007年度“Volvo \r\nA级供应商”奖。2009年，再次获得美国通用公司颁发的“通用2008最佳供应商”奖，并于同年6月获得德国大众集团“2009年度最佳供应商”奖。<br />\r\n&nbsp;　　高品质的产品、领先的研发中心、完善的产品线加上巨大产能，决定了福耀产品强劲的市场开拓力，印着“福耀”商标的汽车玻璃在主导国内汽车玻璃配套、\r\n配件市场的同时，还成功挺进国际汽车玻璃配套、配件市场，在竞争激烈的国际市场占据了一席之地。2006年，福耀集团研究院被国家发改委、科技部、财政\r\n部、海关总署、国家税务总局等联合认定为“国家认定企业技术中心”。 \r\n　　在国内的整车配套市场，福耀为各著名汽车品牌提供配套，市场份额占据了全国的半壁江山。<br />\r\n&nbsp;　　在国际汽车玻璃配套市场，福耀已经取得了世界八大汽车厂商的认证，现在，福耀已经成为\r\nAudi，Bentley，VW，GM，Ford，Mercedes-Benz，NISSAN，PSA，VOLVO，HYUNDAI，Chrysler等\r\n的合格供应商。 \r\n　　随着我国改革开放地进一步深入，人民生活水平不断提高，汽车步入寻常百姓家。目前排行国内第一、世界第四的福耀集团必将借着这股东风，乘势而上，在\r\n“我们正在为汽车玻璃专业供应商树立典范！”这一目标指导下，本着“质量第一、效率第一、信誉第一、客户第一、服务第一”的经营宗旨，使福耀成为具有汽车\r\n玻璃系列产品、相关材料、设备的研究、设计、开发制造能力的特大型企业，同时将福耀玻璃研究所建设成为具有国际影响力的科研机构，并通过上下游相关产业链\r\n的开发建设，将福耀打造成一个代表中国玻璃工业的国际品牌\r\n</p>', '福耀玻璃', '3');
INSERT INTO `t_links` VALUES ('19', '2013-07-25 10:02:16', '', '', '/201307/im1374717721687520.jpg', '2013-07-25 10:03:48', '<h2>\r\n	厂家介绍:\r\n</h2>\r\n&nbsp;&nbsp;&nbsp; \r\n　英国皮尔金顿公司作为世界上最大的玻璃生产集团之一，已具有176年的历史，在全球拥有25个生产基地，销售公司遍布130个国家。集团除生产建筑用玻\r\n璃幕墙及汽车、飞机、高速列车安全玻璃外，其专业的光学部门更生产一系列高品质的眼镜玻璃胚料及成品，经严格的品质检定，所有产品均符合国际标准\r\nISO9002，并供应全世界六十多个国家。 \r\n世界上每四辆飞驰的轿车中，至少有一辆采用皮尔金顿的挡风玻璃！法拉利、奔驰、宝马、福特、通用、沃尔沃、丰田、日产、克莱斯勒、标致、雪铁\r\n龙......，某些车型和特定区域均使用英国皮尔金顿的挡风玻璃。', '皮尔金顿', '3');
INSERT INTO `t_links` VALUES ('20', '2013-07-25 10:02:55', '', '', '/201307/im1374717772149717.jpg', '2013-07-25 10:03:48', '<h2>\r\n	厂家介绍:\r\n</h2>\r\n&nbsp;&nbsp;&nbsp;&nbsp;上海耀皮玻璃集团股份有限公司成立于1983年，是当时国内最大的中英合资企业，1993年改制上市，是中国玻璃制造行业最早的上市公司之一，二\r\n十多年来一直是国内高品质玻璃的代表。集团致力于高性能、绿色节能、安全环保和可再生能源产品的研发和制造，特别是具有世界先进技术的各种低辐射镀膜玻\r\n璃、太阳能电池玻璃和节能中空玻璃。2010年底，集团资产总额超过64亿元，销售收入超过26亿元。\r\n<div>\r\n	&nbsp;&nbsp;&nbsp; \r\n在平板玻璃领域，集团下辖天津耀皮玻璃有限公司、江苏皮尔金顿耀皮玻璃有限公司、江苏华东耀皮玻璃有限公司和常熟耀皮特种玻璃有限公司共四家控股子公司，\r\n产品包括高端汽车玻璃原片，EA在线硬镀膜低辐射玻璃，TCO薄膜太阳能玻璃和超白压延玻璃等系列。集团顺应国家大力发展低碳经济，节能减排的政策，全面\r\n调整产品结构和实施产业升级战略，不断拓展节能玻璃和可再生能源领域。EA在线硬镀膜低辐射玻璃代表世界最先进的在线LOW-E镀膜技术，能有效减少二氧\r\n化碳排放量，是众多高档商业、住宅项目的理想选择。TCO薄膜太阳能玻璃和超白压延玻璃作为太阳能光伏电池组件，增长潜力巨大。光伏能源的安全、无污染和\r\n永不衰竭等优良属性使其成为应用最广泛的绿色能源之一，而光伏产业已成为能源市场中成长速度最快的领域。随着这些建筑节能和可再生能源产品产能的不断扩大\r\n和品种的不断创新，集团将为推动传统产业升级和促进中国节能减排目标的实现做出更大贡献。\r\n</div>\r\n<div>\r\n	&nbsp;&nbsp;&nbsp; \r\n在建筑加工玻璃领域，集团下辖上海耀皮建筑玻璃有限公司、上海耀皮工程玻璃有限公司，天津耀皮工程玻璃有限公司和江门耀皮工程玻璃有限公司四家子公司，形\r\n成了上海、天津、广东三个加工生产基地，年产能达2800万平方米。主要产品有镀膜、中空、夹层、钢化、彩釉等各种安全、环保、节能系列加工玻璃，产品质\r\n量和服务得到了客户的高度认可，被广泛应用于上海世博中心、上海环球金融中心、上海中心大厦、香港环球贸易广场、日本新东京电视塔、德国法兰克福航空枢纽\r\n和美国加州科学院大厦等世界各地新一代的节能环保建筑中。\r\n</div>\r\n<div>\r\n	&nbsp;&nbsp;&nbsp; \r\n在汽车玻璃领域，集团参股上海耀皮康桥汽车玻璃有限公司，公司主营OEM汽车玻璃及玻璃总成研发、制造与销售，提供各类汽车前风挡、车门、侧窗、后风挡玻\r\n璃，总产能达120万套，已成为上海通用、上海大众、东风悦达起亚、南汽名爵、南汽菲亚特等国内诸多汽车厂家及美国福特、法国标致雪铁龙、韩国现代、通用\r\n大宇等国际汽车厂商的合格供应商并批量供货。\r\n</div>\r\n<div>\r\n	&nbsp;&nbsp;&nbsp; \r\n耀皮集团坚持以市场导向为核心，生产高品质高附加值产品并提供专业化一体化解决方案，管理水平不断提高。1994年3月，耀皮玻璃在中国玻璃行业第一个建\r\n立了经国际权威机构认证的ISO9002质量体系；2000年7月，又率先通过了ISO14001环境管理体系国际认证。“耀皮”商标连续被评为“上海市\r\n著名商标”，耀皮玻璃产品分别通过了3C、澳标、美国、英国等国际认证，并连续获得 \r\n“上海市重点新产品奖”、“国家重点新产品奖”、“上海市科技进步奖”等殊荣，以及“中国名牌产品”、“国家免检产品”、“上海名牌产品”和“2010年\r\n度苏浙皖赣沪名牌产品50佳”称号。耀皮的技术中心被评为“上海市市级技术中心”。耀皮玻璃曾三次被评为“全国十佳合资企业”，并连续被评为“全国外商投\r\n资创汇创利双优企业”。\r\n</div>', '上海耀皮', '3');
INSERT INTO `t_links` VALUES ('21', '2013-07-25 10:03:41', '', '', '/201307/im1374717817808878.jpg', '2013-07-25 10:03:48', '<h2>\r\n	厂家介绍:\r\n</h2>\r\n集团目前拥有东莞、深圳、江门、芜湖、天津、营口六大生产基地，\r\n 总占地面积达400多万平方米，现有员工近1.5万人。 \r\n信义玻璃致力于为客户提供满足其需求的产品、服务和解决方案，为客户和合作伙伴创造长期价值和潜在增长。\r\n<div class=\"spctrl\">\r\n	&nbsp;\r\n</div>\r\n信义玻璃产品和解决方案涵盖优质浮法玻璃、 光伏玻璃及汽车玻璃和工程玻璃等领域，以柔性的供应链能力、合理的生产成本、一站式供货方式、专业的物流渠道，将其产品送到世界各地的客户手中。\r\n<div class=\"spctrl\">\r\n	&nbsp;\r\n</div>\r\n信义玻璃是国际领先优质浮法玻璃生产商，目前拥有总计日熔量8100吨的优质浮法玻璃生产线。公司生产的环保特种玻璃产品主要用于节能玻璃深加工，满足汽车玻璃以及LOW-E、中空等节能工程玻璃领域需要，并生产各种特殊颜色玻璃，满足国内外不同客户的需求。\r\n<div class=\"spctrl\">\r\n	&nbsp;\r\n</div>\r\n信义玻璃占有全球汽车玻璃替换市场20%以上份额，产品和解决方案已经应用于全球100多个国家和地区，公司及产品先后通过了\r\nSO/TS16949：2002、ISO14001:2004、OHSAS18001、德国VDA6.3认证、美国DOT标准、欧共体ECE标准及中国\r\n3C标准的认证。与奇瑞、宇通、福田等民族自主品牌结为长期战略合作伙伴关系，具有与整车主机厂同步研发能力。\r\n<div class=\"spctrl\">\r\n	&nbsp;\r\n</div>\r\n信义玻璃占有中国 LOW-E 节能玻璃市场约15%份额，目前信义玻璃已为世博会中国馆、世界大运会主场馆、数字北京大厦、广州维多利大厦、深圳卓越时代广场、日本东京塔、新加坡生物谷等国内外大中城市标志性建筑物提供高品质的工程玻璃产品。\r\n<div class=\"spctrl\">\r\n	&nbsp;\r\n</div>\r\n信义玻璃是全球最大的太阳能光伏玻璃生产商之一，拥有总计日熔量2300吨的太阳能超白光伏生产线，主要产品涵盖超白压花玻璃（原片、钢化片）、AR光伏玻璃、TCO玻璃、超白浮法玻璃。\r\n<div class=\"spctrl\">\r\n	&nbsp;\r\n</div>\r\n信义玻璃具有国内领先的技术实力，其技术研发中心在1997年被评为省级企业技术中心。公司长期致力于节能环保产品的研究和开发，先后开发了可钢化、\r\n可热弯的LOW-E玻璃、SOLAR-X热反射汽车玻璃等新型节能环保产品, \r\n开发了HUD玻璃、防水玻璃、光触媒玻璃、超强高抗穿透高速列车玻璃等新型产品。\r\n<div class=\"spctrl\">\r\n	&nbsp;\r\n</div>\r\n信义玻璃将始终坚持以市场为导向，坚持对技术创新和产品开发的投入，满足客户的个性化需求,与客户及合作伙伴携手，为构建和谐共赢的商业环境而不懈努力，为全社会创造价值。\r\n<h2>\r\n	品牌故事:\r\n</h2>\r\n1、整个标志由圆形、燃烧的火及字母XYG组成，整体采用绿色为基色。\r\n　　2、圆形象征着团结和创新，表明信义集团是一个团结、创新、积极向上的公司；同时圆形在中国文化历史上又象征着太阳，太阳是太阳系的中心，其璀璨夺目，给人以势不可挡的感觉，表明信义集团的事业如日中天，业绩蒸蒸日上。\r\n　　3、燃烧的火象征着活力、激情、奔放、欣欣向荣，表明信义集团具有旺盛的生命力、活力四射，事业红红火火、欣欣向荣。\r\n　　4、XYG是信义玻璃（XINYIGLASS）的英文简写。三个字母略向后倾，意喻信义人手擎“太阳火”永远奔腾向前。\r\n　　5、绿色是信义集团的企业主色，象征着健康、自然、繁荣、环保、和谐，表明信义集团一直追求健康、自然、和谐的企业之道。\r\n　　6、圆形加燃烧的火，是很形象的“太阳之火”。燃烧的火来自太阳，说明这燃烧的火拥有坚实的基础，不是一时之火，表明信义集团实力雄厚，前途广阔。\r\n　　7、“太阳之火”与特别的信义绿相配，表明信义集团不仅仅激情似火，还深谙健康、自然、和谐的企业之道，体现信义集团不追求一时之激烈、辉煌，但追求经营永续，立志做一个百年实体的坚定信念和决心。 　　\r\n　　8、整个标志，结构衔接紧凑、大方得体，表明信义集团有着完善的科学管理体系，信义人精诚团结、积极向上、共创辉煌的宏愿，并与信义集团的“信誉至上、义气争荣、自强不息、善待天下”的经营宗旨相得益彰。', '信义玻璃', '3');
INSERT INTO `t_links` VALUES ('22', '2013-07-25 10:09:51', '', '', '/201307/im1374718170418726.jpg', '2013-07-25 11:05:16', '<h2>\r\n	厂家介绍:\r\n</h2>\r\n&nbsp;&nbsp;&nbsp;&nbsp;&nbsp; \r\n若按照全球其他各家领先的汽车厂商的标准，现代汽车公司的历史是相当之短的。它可被分为三个十年时期，在每个十年时期中公司的成长和发展均有一个主要特\r\n征。借助战后的建设浪潮的推动，现代建筑公司在1967年12月建立了现代汽车公司。这意味着公司开始介入运输及机械工业领域。这个年轻的汽车制造商最早\r\n选择福特的英国分公司作为其合作伙伴，即由福特负责向现代提供生产轿车及轻型卡车所必需的技术。这个令双方收获颇丰的合作使得韩国和英国的汽车工业之间保\r\n持了长久的密切关系。然而，到了七十年代早期，现代集团的管理层做出了一个至关重要的决定，即不再仅仅依赖于外国车型的授权许可，而是要同步地开发现代自\r\n主拥有所有权的轿车车型。通过引进Giorgio&nbsp;Giugiaro&nbsp;ItalDesign设计室的车型以及使用从日本国和英国学习到的生产技术，现代汽\r\n车的第一个自主车型Pony终于投产。这款微型汽车在国内市场迅速获得了巨大成功，并且令现代汽车雄踞国内市场首位长达二十年之久。七十年代后期，现代汽\r\n车开始试验性地进军海外市场，这令公司获得了非常宝贵的经验。八十年代韩国的经济奇迹以其工业基础的扩大和人均收入年均两位数的增长速度为主要标志。韩国\r\n进入了工业化阶段，并且因为汽车工业的发展而进步神速。在韩国社会中，轿车曾经一度被视为地位的象征，可是它现在已经迅速地成为了人们日常生活的必需品。\r\n在八十年代初期，现代汽车公司做出了另一个决定。在此后几年中，这个决定的重要性日益彰显。以快速的经济增长为动力，以其具有奉献精神、受过高等教育的员\r\n工的努力工作为保证，现代汽车公司投资对其蔚山工厂进行大规模的扩建，这令工厂实现了从小批量生产到大批量生产的重要转变。现代考虑未来发展的眼光已超越\r\n了国界：市场容量应被分为国内市场和出口市场两部分。至八十年代中期，现代已经在加拿大确立了坚固的先遣阵地并开始准备向最具挑战性市场--美国--进\r\n军。在八十年代后期，公司吸取了在北美主要地区经营的经验，并已经做好准备应付九十年代将带来的更为剧烈的竞争。至1990年为止，公司对美国的累计出口\r\n量已逾100万辆之多，这个里程碑标志着现代汽车终于在美国的竞争版图上有了一席地。现代汽车承诺在这整个十年中致力于自身技术的发展，而九十年代见证了\r\n这个承诺是如何被成功实现的。1991年，公司发布了其首个内部独立设计的动力总成--Alpha型发动机。两年之后，公司又发布了Beta型发动机。\r\n1992年1月，现代汽车以其概念车型HCD-I向汽车世界首次描述了现代对未来的展望。这款试验车型开创了一个激动人心的概念车传统，其后的产品包括一\r\n系列的HCD概念车型。公司记录了其在电动车领域、混合驱动车领域以及包括安全性、降低排放、材料循环利用等方面在内的汽车关键技术领域的主要发展过程。\r\n<h2>\r\n	品牌故事:\r\n</h2>\r\n现代汽车公司的标志是椭圆内有斜字母H。椭圆表示地球，意味着现代汽车以全世界作为舞台，进行企业的全球化经营管理。斜字母H是现代汽车公司英文\r\nHYUNDAI的首个字母，同时又是两个人握手的形象化艺术表现，代表现代汽车公司与客户之间互相信任与支持！椭圆既代表汽车方向盘，又可看作地球，两者\r\n结合寓意了现代汽车遍布世界。\r\n  “Drive your \r\nway”中文含义为：驾驭你的路。这句口号体现了现代汽车通过不断的革新，满足顾客需求的意志，以及为了让顾客和现代汽车一起追求自信而美好的未来，而全\r\n力以赴的意志。', '现代', '2');
INSERT INTO `t_links` VALUES ('23', '2013-07-25 10:10:31', '', '', '/201307/im1374718229301339.jpg', '2013-07-25 11:05:16', '<h2>\r\n	厂家介绍:\r\n</h2>\r\n&nbsp;&nbsp;&nbsp;&nbsp;&nbsp; \r\n起亚的前身名为京城精密工业（kyungsung&nbsp;precision&nbsp;industry），成立于1944年，位于汉城永登浦区，是一家手工制做自行车\r\n零部件的小厂。1952年3月还处于婴儿时期的起亚制造出韩国第一辆自行车，名位三千里号，公司该名起亚工业公司。十年后的1961年10月，起亚终于制\r\n造出c-100摩托车，韩国的摩托车工业从此诞生。仅仅在三个月之后，起亚的始兴生产线便生产出k360自行车。三轮自动车。三轮自动车的生产持续到\r\n1973年，总销量达到25000台。摩托车与1981年停止生产。到了1971年titan牌四轮车在韩国无处不见，titan几乎成了代表所有卡车的\r\n通用名。到了1973年，起亚生产出韩国第一台汽油发动机，并于1974年10月生产出韩国第一部乘用轿车brisa。后来brisa汽车成为了韩国首列\r\n汽车出口品牌，出口中东。韩国的第一台柴油机也是由起亚于1978年生产的。1986年7月起亚汽车同美国福特汽车签定了产权合作协议，将起亚汽车的\r\n10%产权让给美国制造公司，除此之外起亚汽车的8%产权已归马自达，2%归c.itoh所有，这样国际跨国公司占有韩国企业的20%产权。合伙经营是起\r\n亚汽车mapleproject项目的必要组成部分，该项目是起亚汽车公司开发海外业务的雄心勃勃的计划的代号。作为该项目的结果，1987年1月推出了\r\n超小型pride（普莱特）。pride是通过与福特和马自达汽车公司合作经过四年半的时间开发出来的。\r\n<h2>\r\n	品牌故事:\r\n</h2>\r\n起亚的名字，源自汉语，“起”代表起来，“亚”代表在亚洲。因此，起亚的意思，就是“起于东方”或“起于亚洲”。源自汉语的名字、代表亚洲崛起的含义，正\r\n反映了起亚的胸襟——崛起亚洲、走向世界。', '起亚', '2');
INSERT INTO `t_links` VALUES ('24', '2013-07-25 10:11:08', '', '', '/201307/im1374718262193420.jpg', '2013-07-25 11:05:10', '<h2>\r\n	厂家介绍:\r\n</h2>\r\n&nbsp;&nbsp;&nbsp;&nbsp; \r\n&nbsp;英菲尼迪作为日产旗下的豪华车品牌诞生于1989年，最先在美国上市，与雷克萨斯、宝马、奔驰在北美市场分庭抗争，并且迅速成长为北美重要的豪华车品\r\n牌。自诞生之日起，英菲尼迪便以独特前卫的设计、出色的操控表现和顶级的客户服务著称。如今英菲尼迪已拥有双门跑车、轿车、越野车和SUV等全系列车型，\r\n最近又有2006款M系列高性能运动轿车加入英菲尼迪产品家族，使其产品线更为丰富。\r\n<h2>\r\n	品牌故事:\r\n</h2>\r\nInfiniti（英菲尼迪）的椭圆形标志表现的是一条无限延伸的道路。椭圆曲线代表无限扩张之意，也象征着“全世界”；两条直线代表通往巅峰的道路，象\r\n征无尽的发展。Infiniti（英菲尼迪）的标志和名称象征着英菲尼迪人的一种永无止境的追求，那就是创造有全球竞争力的真正的豪华车用户体验和最高的\r\n客户满意度。', '英菲尼迪', '2');
INSERT INTO `t_links` VALUES ('25', '2013-07-25 10:11:43', '', '', '/201307/im1374718301390270.jpg', '2013-07-25 11:05:10', '<h2>\r\n	厂家介绍:\r\n</h2>\r\n&nbsp;&nbsp;&nbsp;&nbsp;&nbsp;&nbsp; \r\nSubaru&nbsp;斯巴鲁是富士重工有限公司（&nbsp;FHI&nbsp;）旗下专业从事汽车制造的公司，是生产多种类型、多用途运输设备的制造商。富士重工有限公司凭借其各\r\n个分公司的可靠技术开发出大量创新的产品，如汽车分公司、航空航天分公司、大型客车制造与房屋预制分公司、工业产品分公司以及运输与生态系统分公司等。富\r\n士重工有限公司志在树立卓越品牌，并成为二十一世纪国际舞台上的主角。为了能支承起全人类和整个星球的未来世界，富士重工有限公司秉承继往开来的创新精\r\n神，开发出充满个性和希望的产品。富士重工有限公司的核心技术是独立思考、灵活性和无限热情完美结合的产物。\r\n<h2>\r\n	品牌故事:\r\n</h2>\r\n富士重工业是日本骨干汽车制造商，在解除了与美国通用汽车公司的资本、业务合作后，该公司接受了丰田汽车的出资。 \"斯巴鲁\" 日本语意思是联合, \r\n其企业标志是昴宿星团的六连星，并且也是\"斯巴鲁\"汽车的标志。昴宿星团有七颗肉眼可见的蓝色的星星，\"斯巴鲁\"的标志代表着第二次世界大战后，五个独立\r\n的公司一起组成了现今的\"斯巴鲁\"。\"斯巴鲁\"汽车拥有独特的技术，尤其是要指出的是其水平对置发动机和全时四轮驱动系统。\"', '斯巴鲁', '2');
INSERT INTO `t_links` VALUES ('26', '2013-07-25 10:12:23', '', '', '/201307/im137471834177498.jpg', '2013-07-25 11:05:10', '<h2>\r\n	厂家介绍:\r\n</h2>\r\n&nbsp;&nbsp;&nbsp;&nbsp; \r\nMITSUBISHI&nbsp;MOTORS公司于1970年从三菱重工业公司独立出来，是日本汽车行业中最年轻的汽车制造公司。另一方面，三菱集团有着生产汽车\r\n的悠久历史。早在1917年就在日本首次推出了成批生产的[三菱A型]轿车。MITSUBISHI&nbsp;MOTORS公司继承上述的优良业绩和传统，全力以\r\n赴，再接再励，不断研制出各种优质且富有个性的轿车、商用汽车。MITSUBISHI&nbsp;MOTORS公司以先进的技术和丰富的经验生产出的各种汽车，在外\r\n观、性能、安全性方面均获得了各方的高度评价。\r\n<h2>\r\n	品牌故事:\r\n</h2>\r\n三菱的标志是岩崎家族的家族标志「三段菱」和土佐藩主山内家族的家族标志“三柏菱”的结合，后来逐渐演变成今天的三菱标志（如左图所示），于明治43年\r\n（1910年）以现在的形式用于三菱合资公司的英文版营业指南书上。 \r\n三菱（MITSUBISHI）的三个菱形标志原为九十九商会的船旗志，这是19世纪70年代的一家轮船公司，许多三菱公司都是以该公司发展起来的。现在，\r\n这个标志是三菱组织中各公司全体职工自豪的象征。并且、对世界各地的顾客来说，这个标志是产品维修保养、质量和服务的保证。', '三菱', '2');
INSERT INTO `t_links` VALUES ('27', '2013-07-25 10:13:25', '', '', '/201307/im1374718396310243.jpg', '2013-07-25 11:05:10', '<h2>\r\n	厂家介绍:\r\n</h2>\r\n&nbsp;&nbsp;&nbsp;&nbsp; \r\nAcura源于拉丁语中的“acu”，意味着&nbsp;“精确”。而“精准”的含义可以追溯到Acura最初的造车理念“精湛工艺，打造完美汽\r\n车”。&nbsp;Acura（讴歌）自研发设计环节就非常注重汽车的“驾乘乐趣”，强调“运动豪华”的品牌价值，并以SH-AWD（超级四轮驱动力自由控制系\r\n统）、VTEC（可变气门正时和升程电子控制系统）、G-CON等三大系统为核心技术精心打造完美汽车。Acura（讴歌）近期在中国发布“Ahead/\r\n尚前”品牌口号，旨在通过其“无畏进取”的独特精神吸引有同样价值观的中国消费人群。\r\n<h2>\r\n	品牌故事:\r\n</h2>\r\n“Acura”源自拉丁语“ACCURACY”，意为精密机械。1990年，在推出NSX时，Acura徽标第一次出现在车辆上。它在设计上用一组机械卡\r\n钳，代表Acura产品的精湛和对细节的关注。\r\n“精湛工艺，打造完美汽车”不久就成为一句众人皆知的口号，寓意车辆将提供德国豪华车的良好性能和日本车坚固耐久的可靠性。位于旧金山的NameLab,\r\nInc.围绕这些概念提出了几个名称方案，“Acura”从中脱颖而出。“这个词是拼构出来的，在几种语言中‘acu’都意味着‘精确’”，高级销售经理\r\nDave Heath解释说。', '讴歌', '2');
INSERT INTO `t_links` VALUES ('28', '2013-07-25 10:14:23', '', '', '/201307/im1374718445118260.jpg', '2013-07-25 11:05:10', '<h2>\r\n	厂家介绍:\r\n</h2>\r\n&nbsp;&nbsp;&nbsp;&nbsp; \r\n马自达汽车公司创立于1920年，1931年正式开始在广岛生产小型载货车，60年代初正式生产轿车，自1981年到2002年，马自达已累积生产了\r\n3,500多万辆各种汽车。在九十年代之前，马自达汽车公司始终在日本国内排名仅在丰田、日产之后,也是世界知名的日本汽车品牌之一。自2000年开始，\r\n马自达公司通过实施“新千年计划”，使公司的发展进入了一个新的阶段。2002年，马自达公司推出了马自达6（MAZDA6）、马自达2等一系列新车型，\r\n在世界各地都取得了不俗的销售业绩。&nbsp;<br />\r\n&nbsp;&nbsp;&nbsp;&nbsp;&nbsp;&nbsp; \r\n最初马自达汽车标志图案中的“m”就是松田拼音的第一个字母，采用英文拼音“mazda”为其标志。自马自达与福特合作之后采用了新的标志，崭新的设计图\r\n案意味着马自达要展翅高飞，不断技术突破，以无穷的创意和真诚的服务，勇闯车坛顶峰，迈向新世纪。\r\n<h2>\r\n	品牌故事:\r\n</h2>\r\n马自达公司与福特公司合作之后，采用了新的车标，椭圆中展翅飞翔的海鸥，同时又组成“M”字样。“M”是“MAZDA”第一个大写字母，预示该公司将展翅\r\n高飞，以无穷的创意和真诚的服务，迈向新世纪', '马自达', '2');
INSERT INTO `t_links` VALUES ('29', '2013-07-25 10:15:10', '', '', '/201307/im1374718493234534.jpg', '2013-07-25 11:05:10', '<h2>\r\n	厂家介绍:\r\n</h2>\r\n<p>\r\n	雷克萨斯（Lexus）是日本丰田汽车公司旗下的豪华车品牌，\r\n它于1983年被首次提出，但仅用十几年的时间，自1999年起，在美国的销量超过奔驰、宝马，成为全美豪华车销量最大的品牌。过去，Lexus在国内的\r\n中文译名是凌志，2005年6月，丰田公司宣布将Lexus的中文译名由“凌志”改为“雷克萨斯”，并开始在中国建立特许经销店，启动全面进军中国豪华车\r\n市的计划。<br />\r\n&nbsp;&nbsp;&nbsp;&nbsp;&nbsp; \r\n随着人们生活水平的提高，对汽车的舒适性和安全性要求越来越高，雷克萨斯（凌志）汽车是丰田汽车公司于80年代推出的豪华轿车系列。自1989年\r\nLEXUS雷克萨斯推出汽车市场以来，一直在为创造精致风格独特的汽车而努力奋斗。当然，严谨要求的背后，需要有高度的创意、超群的技术和稳定可靠的性能\r\n作为后盾。这些素质已经成为LEXUS雷克萨斯的运作准则。提供最完美的驾乘体验的理念是雷克萨斯在全球取得成功的关键。<br />\r\n&nbsp;&nbsp;&nbsp;&nbsp;&nbsp;&nbsp; \r\n1983年8月，日本工业巨子丰田汽车会长丰田英二先生召开了一次高层机密会议，与会的都是日本汽车工业界第一流的菁英。丰田英二先生提出了一个震撼性的\r\n问题:“在累积了半世纪的汽车研发和制造经验之后，日本究竟能不能创造出足以傲视当世车坛的顶级轿车？”换句话说，这部新车的直接对手将是长久以来盛名不\r\n坠的欧洲著名汽车厂牌。&nbsp;<br />\r\n&nbsp;&nbsp;&nbsp;&nbsp;&nbsp; 大家都体会到：他提出的已经不只是个问题，简直就是对日本汽车工业的全面性挑战。然而在场的所有人都以非常坚定的“是的，我们能！”作为回答，大家都了解这并不是一时激励下的冲动响应，而是一群经验丰富、技术超卓的专业人士对未来使命所作出的坚定承诺。<br />\r\n&nbsp;&nbsp;&nbsp;&nbsp;&nbsp;&nbsp; \r\n丰田公司准备争夺高档豪华车市场。但丰田十分明白自己有几斤几两，跟大多数日本车一样，丰田与旗下各品牌如花冠、皇冠、佳美等在消费者心目中“低档、省\r\n油、廉价车”的形象已根深蒂固。要改变公众心智中固有的观念谈何容易。于是丰田专为高档车推出一个全新品牌凌志。经过数年呕心沥血、潜心研究，隆重上市，\r\n一役而成功。凌志车上还故意隐去企业名称，车身上未标有丰田的标志，而丰田公司的其它品牌，如花冠、佳美等车上都标有丰田标志。这是丰田为了不让消费者对\r\n丰田公司传统品牌与新品牌之间产生联系，消除丰田形象对高档车的营销障碍而作的刻意安排。如果凌志标上丰田标志、或干脆直接用丰田、佳美、皇冠等品牌来推\r\n高档豪华车，能跟宝马、林肯、奔驰这些早已令大家钦羡不已的豪华品牌一决雌雄吗？无独有偶，本田推出高档车时，也采用了全新品牌ACCURA，车身上也故\r\n意隐去本田的标志。<br />\r\n&nbsp;&nbsp;&nbsp;&nbsp;&nbsp;&nbsp; \r\n日本从此拉开了高档轿车的序幕。这个品牌名是丰田花了3.5万美元请美国一家取名公司命名的，因为“雷克萨斯”（Lexus）的读音英文“豪华”\r\n（Lexu）一词相近，使人联想到该车是豪华轿车的印象。雷克萨斯汽车商标采用车名“Lexus”字母“L”的大写，“L”的外面用一个椭圆包围的图案。\r\n椭圆代表着地球，表示雷克萨斯轿车遍布全世界。&nbsp;<br />\r\n&nbsp;&nbsp;&nbsp;&nbsp;&nbsp;&nbsp; \r\n没有人会忘记LEXUS&nbsp;LS400在1989年正式上市时，在全球高级车坛所引起的震撼；有人甚至预测德国豪华轿车说不定将被迫退出美国市场。到今\r\n天，LEXUS已经席卷顶级买家的市场，成为全美最畅销的高级轿车。相信许多人都还记得LS400的经典广告片：在开动运转的引擎盖上，一个接一个的香槟\r\n杯高高叠起，形成一个水晶杯塔，即便引擎加足油门全速运转，杯塔始终稳如泰山；要庆祝车坛新贵诞生，这的确是最佳的方式。&nbsp;<br />\r\n&nbsp;&nbsp;&nbsp;&nbsp; LEXUS现已拥有LS、GS、IS、RX等不同系列的庞大车系.一个又一个奖相或许就是雷克萨斯证明自己的最好的证据。&nbsp;<br />\r\n&nbsp;&nbsp;&nbsp;&nbsp; \r\n当您综观整个LEXUS车系。您会从点点滴滴出感受到丰田在维持顶尖品质的一致性上，投了非常可观的资源和努力。不论是豪华气派的四门三厢尊贵座驾，或是\r\n帅劲十足的双门硬顶精悍跑车，每一部LEXUS都同样采用了匠心触具的高级设计、一丝不苟的精密施工，以及难以置信的严格品管，以确保您可以拥有最优异的\r\n乘驾。&nbsp;<br />\r\n&nbsp;&nbsp;&nbsp;&nbsp; 让我们期待着LEXUS为我们创造新的奇迹。\r\n</p>\r\n<h2>\r\n	品牌故事:\r\n</h2>\r\n“雷克萨斯”（Lexus）的读音英文“豪华”（Luxury）一词相近，使人联想到该车是豪华轿车的印象。雷克萨斯汽车商标采用车名“Lexus”字母\r\n“L”的大写，“L”的外面用一个椭圆包围的图案。椭圆代表着地球，表示雷克萨斯轿车遍布全世界。\r\n用椭圆环绕的L字母，根据美国丰田汽车销售公司的官方说法，这个椭圆弧度依照精确的数学公式修饰，动用三个以上的设计商和广告商，花了半年多的时间才完\r\n成：这个脱颖而出的标志，击败了五个设计比稿。1987年，摩利设计公司（Molly \r\nDesignsInc.）负责人摩利·山德斯（MollySanders），花了三个月的时间精巧制作出这个别具特色的椭圆和L，取代原先最有希望获选的\r\n版本——一个没有圆圈环绕，看起来像海鸥翅膀的L。 \r\n    雷克萨斯新标志在1988年1月的洛杉矾车展上首度亮相。\r\n1986年10月，丰田美国销售公司、豪华车研发部门的高层举行了一场会议，讨论新车型命名事宜。要找出一个合适的名称，有如烫手山芋。它必须优雅，但又\r\n不能阴柔；要高贵，又不能娇气；要落落大方，又不能肆无忌惮。它必须独特而出众。 \r\n     纽约的品牌管理公司Lippincott \r\n&amp;Margulies编出一份清单，洋洋洒洒列了219个可能的命名。他们从原始清单中，滤挑选出最后10个。然后经过进一步的辩论，名单缩小到\r\n5个：Alexis、Calibre、Chaparel、Vectre和Verone。Alexis是唯一受到在场人士一致认可的名称。但它最受非议之\r\n处，是听起来像个人名，而非车名，，更糟的是，Alexis是电视剧里一个疯婆娘的名字，意指声名狼藉。最后，美国丰田汽车销售公司专案经理、品牌管理公\r\n司的主要联系人约翰·法兰奇，根据Alexis漫不经心地写了一些名字，雷克萨斯因此诞生。法兰奇把Alexis的A涂掉，接着经过一番讨论，与会小组把\r\ni改成u。最后的名字就是LEXUS。 \r\n没有人会忘记LEXUSLS400在1989年正式上市时，在全球高级车坛所引起的震撼；有人甚至预测德国豪华轿车说不定将被迫退出美国市场。到今\r\n天，LEXUS已经席卷顶级买家的市场，成为全美最畅销的高级轿车。相信许多人都还记得LS400的经典广告片：在开动运转的引擎盖上，一个接一个的香槟\r\n杯高高叠起，形成一个水晶杯塔，即便引擎加足油门全速运转，杯塔始终稳如泰山；要庆祝车坛新贵诞生，这的确是最佳的方式。LEXUS现已拥有LS、GS、\r\nIS、RX等不同系列的庞大车系.一个又一个奖相或许就是雷克萨斯证明自己的最好的证据。当您综观整个LEXUS车系。您会从点点滴滴出感受到丰田在维持\r\n顶尖品质的一致性上，投了非常可观的资源和努力。不论是豪华气派的四门三厢尊贵座驾，或是帅劲十足的双门硬顶精悍跑车，每一部LEXUS都同样采用了匠心\r\n触具的高级设计、一丝不苟的精密施工，以及难以置信的严格品管，以确保您可以拥有最优异的乘驾。让我们期待着LEXUS为我们创造新的奇迹。', '雷克萨斯', '2');
INSERT INTO `t_links` VALUES ('30', '2013-07-25 10:38:27', '', '', '/201307/im1374719895669225.jpg', '2013-07-25 11:05:10', '<h2>\r\n	厂家介绍:\r\n</h2>\r\n&nbsp;&nbsp;&nbsp; \r\n&nbsp;1909年，铃木先生在静冈县滨名郡创建铃木织机制作所，1954年改称铃木汽车工业公司。公司主要生产微型轿车、轻型货车、摩托车等。从1979年以\r\n来，公司生产的微型汽车在日本销售量居首位，铃木SPORT&nbsp;SWIFT&nbsp;GTI曾在亚洲太平洋拉力锦标赛上夺魁。1983年，该公司与中国重庆长安汽车\r\n有限公司合作生产奥拓微型轿车。\r\n<h2>\r\n	品牌故事:\r\n</h2>\r\n铃木车标图案中的“S”是铃木Suzuki的第一个字母，这种设计给人以有力量的感觉，象征着发展中的“铃木 ”。', '铃木', '2');
INSERT INTO `t_links` VALUES ('31', '2013-07-25 10:39:06', '', '', '/201307/im1374719938084435.jpg', '2013-07-25 11:05:10', '<h2>\r\n	厂家介绍:\r\n</h2>\r\n&nbsp;&nbsp;&nbsp;&nbsp;丰田（TOYOTA）是世界十大汽车工业公司之一，日本最大的汽车公司，创立于1933年。早期的丰田牌、皇冠、光冠、花冠汽车名噪一时，近来的\r\n克雷西达、凌志豪华汽车也极负盛名。TOYOTA在汽车的销售量、销售额、知名度方面均是世界一流公司之一。TOYOTA生产包括一般大众性汽车、高档汽\r\n车、面包车、跑车、四轮驱动车、商用车在内的各种汽车。其先进技术和优良品质倍受世界各地人士推崇。\r\n<h2>\r\n	品牌故事:\r\n</h2>\r\n此标志发表于1989年10月，TOYOTA创立50周年之际，设计的重点是椭圆形组成的左右对称的构成。椭圆是具有两个中心的曲线，表示汽车制造者与顾\r\n客心心相印。并且，横竖两椭圆组合在一起，表示丰田（TOYOTA）的第一个字母T。背后的空间表示TOYOTA的先进技术在世界范围内拓展延伸，面向未\r\n来，面向宇宙不断飞翔。', '丰田', '2');
INSERT INTO `t_links` VALUES ('32', '2013-07-25 10:39:58', '', '', '/201307/im1374719993406787.jpg', '2013-07-25 11:05:10', '<h2>\r\n	厂家介绍:\r\n</h2>\r\n&nbsp;&nbsp;&nbsp;&nbsp;本田公司是世界上最大的摩托车生产厂家，汽车产量和规模也名列世界十大汽车厂家之列。1948年创立，创始人是传奇式人物本田宗一郎。公司总部在\r\n东京，雇员总数达11万人左右。现在，本田公司已是一个跨国汽车、摩托车生产销售集团。它的产品除汽车摩托车外，还有发电机、农机等动力机械产品。\r\n<h2>\r\n	品牌故事:\r\n</h2>\r\n本田公司在80年代成立了商标设计研究组，从来自世界各地的2500多件设计图稿中，确定了现在的三弦音箱式商标，也就是带框的“H”，图案中的H是“本\r\n田”拼音Honda的第一个 \r\n字母。这个标志体现出技术创新，职工完美和经营坚实的特点，同时还有紧张感和可以放松一下的轻松感。', '本田', '2');
INSERT INTO `t_links` VALUES ('33', '2013-07-25 10:40:33', '', '', '/201307/im1374720028088205.jpg', '2013-07-25 11:05:10', '<h2>\r\n	厂家介绍:\r\n</h2>\r\n&nbsp;&nbsp; \r\n&nbsp;&nbsp;斯柯达公司的历史可以追溯到1894年，是世界五个最早的轿车生产厂之一。斯柯达公司拥有近2万名雇员和数百家国内和国外供应商，1991年4月16\r\n日，斯柯达公司成为德国大众集团公司的一个子公司，大众集团购买了斯柯达公司70%的股份，其余30%股份在2000年收购，斯柯达进而成为德国大众旗下\r\n继VW（大众）、AUDI（奥迪）、SEAT（西雅特）后的第四大品牌。斯柯达汽车以高性价比、坚实耐用、高安全性、优良的操控性及舒适性兼备而成功地打\r\n入了欧洲、亚洲、中东、南美洲、非洲等地区，倍受广大消费者的青睐。除了在本国高居50%以上的市场份额外，在西欧的德国、英国及波兰市场很受欢迎，都有\r\n不错的市场表现。\r\n<h2>\r\n	品牌故事:\r\n</h2>\r\n斯柯达标志设计成为一个圆形的图案，中间是一支载着3支羽毛向右飞行的绿色飞箭，3支羽毛象征斯柯达技术进步的产品行销全世界，向右飞行的飞箭象征斯柯达\r\n先进的工艺及无限的创造性,绿色象征着希望，体现出斯柯达重视环境，也象征斯柯达无限的生命力。', '斯柯达', '2');
INSERT INTO `t_links` VALUES ('34', '2013-07-25 10:41:13', '', '', '/201307/im1374720063261615.jpg', '2013-07-25 11:05:01', '<h2>\r\n	厂家介绍:\r\n</h2>\r\n&nbsp;&nbsp;&nbsp;&nbsp;沃尔沃汽车公司是北欧最大的汽车企业，也是瑞典最大的工业企业集团，世界20大汽车公司之一。创立于1924年，创始人是古斯塔夫·拉尔松和阿萨\r\n尔·加布里尔松。沃尔沃汽车以质量和性能优异在北欧享有很高声誉，特别是安全系统方面，沃尔沃汽车公司更有其独到之处。美国公路损失资料研究所曾评比过十\r\n种最安全的汽车，沃尔沃荣登榜首。到1937年，公司汽车年产量已达1万辆。随后，它的业务逐渐向生产资料和生活资料，能源产品等多领域发展，一跃成为北\r\n欧最大的公司。\r\n<h2>\r\n	品牌故事:\r\n</h2>\r\nVolvo车标由三部分图形组成：第一部分的圆圈代表古罗马战神玛尔斯，这就是铁元素的古老化学符号——里面有一支箭的圆圈，箭头呈对角线方向指向右上\r\n角。在西方文明中，这算得上是最古老也是最普通的一个商标，它起源于罗马帝国时代，是火星、罗马战神和男性阳刚气质三个不同概念的象征，因而又体现了火星\r\n与当时用来制造大多数兵器的铁之间的最初渊源。正因为如此，这个标志长期以来一直被包括瑞典在内的世界各国看成是钢铁工业的象征。之所以在汽车上采用代表\r\n铁元素的品牌标志，是为了让人们联想起有着光辉传统的瑞典钢铁工业，以及钢铁般坚强的实力。 \r\n　　第二部分是对角线，在散热器上设置的从左上方向右下方倾斜的一条对角线彩带。这条彩带的设置原本出于技术上的考虑，用来玛尔斯符号固定在格栅上，后来\r\n就逐步演变成为一个装饰性符号而成为Volvo轿车最为明显的标志。\r\n　　第三部分是Volvo公司注册商标，是采用古埃及字体书写的VOLVO字样。 \r\n　　在1927年制造成功的首辆汽车上，就完整地显示了公司的全部标志。此车标自第一辆Volvo轿车开始一直沿用至今，成为Volvo公司轿车与众不同\r\n的明显标志。此外，在Volvo转向盘的中心也可以看到代表铁元素的符号。', '沃尔沃', '2');
INSERT INTO `t_links` VALUES ('35', '2013-07-25 10:42:00', '', '', '/201307/im1374720114827218.jpg', '2013-07-25 11:05:01', '<h2>\r\n	厂家介绍:\r\n</h2>\r\n&nbsp;&nbsp;&nbsp;&nbsp; \r\n兰博基尼的标志是一头充满力量、正向对方攻击的斗牛，这与兰博基尼大马力高速跑车的特性相吻合，据说这一标志也体现了创始人兰博基尼斗牛般不甘示弱的脾\r\n性。兰博基尼&nbsp;S.&nbsp;p.&nbsp;A.汽车厂的创始人费鲁吉欧·兰博基尼和兰博基尼早期生产的跑车、拖拉机。费鲁吉欧·兰博基尼骨子里渗透出意大利人特有的豪情\r\n壮志，激励着他一路从一位普通的农民之子白手起家，奋斗不息直至成为众人敬仰的行业掌舵人。这个意大利北方人凭借一股毫不妥协的闯劲以及近乎疯狂的热情，\r\n孜孜不倦地追求着制造出完美跑车的梦想。自那时起，倔气十足的“公牛”标志便成了兰博基尼的象征，诠释了这一与众不同的汽车品牌的所有特点———挑战极\r\n限，高傲不凡，豪放不羁。\r\n<h2>\r\n	品牌故事:\r\n</h2>\r\n它的标志是一头公牛，浑身充满力量，正准备冲击。据说这个标志体现了创始人兰博基尼不甘示弱的牛脾气特性，同时又符合了该公司大马力高速运动车的特性9W\r\n这是一头浑身充满力气，正准备冲击的公牛，寓意由意大利兰博基尼公司生产的赛车马力大、速度快、战无不胜。这只具有意大利血统的公牛所代表的豪华跑车，在\r\n欧美的名气绝不逊色于法拉利的那匹骏马。', '兰博基尼', '2');
INSERT INTO `t_links` VALUES ('36', '2013-07-25 10:42:41', '', '', '/201307/im1374720148892722.jpg', '2013-07-25 11:05:01', '<h2>\r\n	厂家介绍:\r\n</h2>\r\n&nbsp;&nbsp;&nbsp;&nbsp;法拉利（Ferrari）是一家意大利汽车生产商，1929年由恩佐·法拉利创办，主要制造一级方程式赛车、赛车及高性能跑车，法拉利生产的汽车\r\n大部分采用手工制造，年产量大约4300台。总部位于意大利摩德纳（Modena）附近的马拉内罗（Maranello）。早期的法拉利赞助赛车手及生产\r\n赛车，1947年独立生产汽车，其后变成今日的规模。现在菲亚特公司拥有法拉利50%股权，但法拉利却能独立于菲亚特公司运营。另有法拉利车队，以及手\r\n表、香水等周边产品。\r\n<h2>\r\n	品牌故事:\r\n</h2>\r\n法拉利车的标志是一匹跃起的马。在第一次世界大战中意大利有一位表现非常出色的飞行员。他的飞机上就有这样一匹会给他带来好运气的跃马。在法拉利最初的比\r\n赛获胜后。飞行员的父母亲，一对伯爵夫妇建议：法拉利也应在车上印上这匹带来好运气的跃马。后来这位飞行员战死了，马就变成了黑颜色。而标志底色为公司所\r\n在地摩德纳的金丝雀的颜色。', '法拉利', '2');
INSERT INTO `t_links` VALUES ('37', '2013-07-25 10:43:33', '', '', '/201307/im1374720208067630.jpg', '2013-07-25 11:05:01', '<h2>\r\n	厂家介绍:\r\n</h2>\r\n&nbsp;&nbsp;&nbsp; \r\n&nbsp;菲亚特汽车公司，简称fiat&nbsp;spa，意大利汽车工业最大的垄断组织，也是菲亚特集团旗下最大、最早的经营公司。作为世界十大汽车公司之一的菲亚特汽\r\n车公司始建于1899年7月意大利都灵市，创始人是乔瓦尼·阿涅利。它是世界上第一个生产微型车的汽车生产厂家。这家公司的全称是意大利都灵汽车制造厂，\r\n菲亚特（FIAT）是该公司缩写的译音，&nbsp;FIAT也是该公司产品的商标。\r\n<h2>\r\n	品牌故事:\r\n</h2>\r\n菲亚特公司的标志几经变迁，1899年，阿涅利在意大利西北城市都灵创建菲亚特公司，开始采用盾型商标；\r\n　　1906年，开始采用公司的全称四个单词的第一个大写字母\"F.I.A.T\"为商标。\"FIAT\"在英语中具有\"法令\"、\"许可\"的含义，因此在客户\r\n的心目中, 菲亚特轿车具有较高的合法性与可靠性，深得用户的信赖。\r\n　　1918年，公司决定不用大写字母或在字母间不加标点书写。\r\n　　1921年，曾经使用过圆形商标；\r\n    1931年, 开始使用在方形中含有 \"FIAT\"字样的商标。\r\n　　1980年开始使用五根短柱斜置平行排列的新商标。 菲亚特垄断着意大利全国年总产量的 90％以上的汽车生产量，这在世界汽车工业中是罕见的。 \r\n因此， 菲亚特被称为意大利汽车工业\"寒暑表\"，菲亚特牌汽车被喻为\"意大利车\"。 \r\n\"菲亚特\"轿车的紧凑楔形造型、线条简练、优雅精巧、极富动感、充满活力，处处显现拉丁民族那热情、浪漫、机敏、灵活的风格。所以，\"菲亚特\"轿车造型总\r\n是引导世界汽车造型的潮流。', ' 菲亚特', '2');
INSERT INTO `t_links` VALUES ('38', '2013-07-25 10:44:04', '', '', '/201307/im1374720238516791.jpg', '2013-07-25 11:05:01', '<h2>\r\n	厂家介绍:\r\n</h2>\r\n&nbsp;&nbsp;&nbsp;&nbsp; \r\n&nbsp;路虎公司（Land&nbsp;Rover）以四驱车而举世闻名：自创始以来就始终致力于为其驾驶者提供不断完善的四驱车驾驶体验。在四驱车领域中，路虎公司不仅\r\n拥有先进的核心技术，而且充满了对四驱车的热情：他是举世公认的权威四驱车革新者。尽管路虎在不断改进产品，但它始终秉承其优良传统就是将公司价值与精益\r\n设计完美的结合。&nbsp;<br />\r\n&nbsp;&nbsp;&nbsp; \r\n1948年战后，第一款路虎诞生于英国。这是一款简单、新颖的铝制工作车。这是由英国Rover汽车公司的Spencer和Maurice&nbsp;Wilks兄\r\n弟制造出的一款新车型，完美实现了简单实用性与稳定性的结合。这款车很快取得了巨大成功，到20世纪50年代中期，路虎的名字已成为耐用性和出色越野性能\r\n的代名词。无论是军方、从事农业的客户，还是要求苛刻的急救服务行业，都赞叹于路虎的完美品质。当时英国首相温思顿·丘吉尔驾驶的就是路虎。\r\n<h2>\r\n	品牌故事:\r\n</h2>\r\n路虎是全球著名的越野汽车，标志就是英文：LAND ROVER。', '路虎', '2');
INSERT INTO `t_links` VALUES ('39', '2013-07-25 10:44:33', '', '', '/201307/im1374720266659662.jpg', '2013-07-25 11:05:01', '<h2>\r\n	厂家介绍:\r\n</h2>\r\n&nbsp;&nbsp;&nbsp;&nbsp;JAGUAR是深具历史荣耀的英国汽车公司，1922年成立JAGUAR前身&nbsp;-Swallow&nbsp;Sidecar&nbsp;Company，於1945年\r\n易名为JAGUAR&nbsp;Cars&nbsp;Ltd.JAGUAR汽车公司於英国拥有3座装配厂及研发中心，提供全球销售服务需求，八十年来在欧洲汽车史上创造出许多\r\n赛车荣耀及经典车款，1990年起，JAGUAR积极开发新型车种，如X-TYPE、S-TYPE、XJ、XK、\"R\"-Derivate等。并投资大笔\r\n资金於厂房改建、设备更新、引进先进技术全力提升产品品质，藉此频频获得J.&nbsp;D.&nbsp;Power评选品质大奖。\r\n<h2>\r\n	品牌故事:\r\n</h2>\r\n捷豹汽车的名字起源，则可追溯到一九三七年。该年六月SS汽车公司正式接收了Sunbeam（Wolverhampton）汽车公司。当时，里昂斯爵士十\r\n分希望能把汽车名为Sunbeam，因为Sunbeam曾于多次的世界赛车中取得冠军，可谓“胜利”的标志。可惜，公司内部出现了一些问题。最后，被迫放\r\n弃使用Sunbeam作为公司的名字。里昂斯爵士最后拣选了一个在各种语言中都发音清脆的名字—Jaguar，它是根据第一次世界大战的一种飞行机器而命\r\n名。捷豹，香港人还称“积架”，缘由英文JAGUAR的音译。', '捷豹', '2');
INSERT INTO `t_links` VALUES ('40', '2013-07-25 10:48:06', '', '', '/201307/im1374720312472523.jpg', '2013-07-25 11:05:01', '<h2>\r\n	厂家介绍:\r\n</h2>\r\n&nbsp;&nbsp;&nbsp;&nbsp;&nbsp;&nbsp; \r\n于1920年创建了自己的汽车公司，开始设计制造他多年来梦寐以求的运动车。1931年由罗尔斯-罗伊斯公司将本特利公司买下了。兼并后的本特利公司也生\r\n产豪华轿车。“罗尔斯-罗伊斯”和“本特利”两个车名实际上似乎同一种车，只不过根据不同的用户将两中车做得各有特色，魅力不同而已。本特利轿车是为了满\r\n足富有的年轻人，追求高速驾驶、寻求刺激的需要。\r\n<h2>\r\n	品牌故事:\r\n</h2>\r\n本特利轿车标志是以公司名的第一个字母“B”为主体，生出一对翅膀，似凌空翱翔的雄鹰，此标志一直沿用至今，过去曾用过一个展翅飞翔的“B”标志。', '宾利', '2');
INSERT INTO `t_links` VALUES ('41', '2013-07-25 10:48:44', '', '', '/201307/im1374720522649314.jpg', '2013-07-25 11:05:01', '<h2>\r\n	厂家介绍:\r\n</h2>\r\n&nbsp;&nbsp;&nbsp;&nbsp;雪铁龙汽车公司是法国第三大汽车公司，它创立于1915年，创始人是安德列·雪铁龙。主要产品是小客车和轻型载货车。雪铁龙公司总部设在法国巴\r\n黎。雇员总数为5万人左右，可年产汽车90万辆。雪铁龙公司创立之初，正是第一次世界大战最酣之时，因而其产品主要是炮弹和军事设备。直到一战结束之后，\r\n公司才开始从事汽车制造活动。1934年生产出法国第一辆前轮驱动汽车。雪铁龙公司是法国最早采用流水线生产的公司，因而在它成立仅仅6年，年产量即突破\r\n100万辆。\r\n<h2>\r\n	品牌故事:\r\n</h2>\r\n1900年，雪铁龙创始人安德鲁·雪铁龙发明了人字形齿轮，1913年安德鲁·雪铁龙建立一个齿轮厂，与11名员工生产钢制人字齿轮，并用人字形齿轮作为\r\n雪铁龙公司产品的商标。这种齿轮在运转过程中发出的噪音很小。仅6年过后，雪铁龙公司便生产出第一辆汽车，并将“双人字”作为商标。“双人字”代表了雪铁\r\n龙的原则：雪铁龙汽车在技术上应处于最高水平，然而在价格上却是能够负担得起的。后来，雪铁龙曾组织过横穿非洲大陆和横越亚洲大陆的两次旅行，使雪铁龙汽\r\n车名声大振。法国人生性开朗，爱赶时髦，喜欢新颖和漂亮，\"雪铁龙\"轿车就表现了法兰西这种性格，每时每刻都在散发着法国的浪漫气息。', '雪铁龙', '2');
INSERT INTO `t_links` VALUES ('42', '2013-07-25 10:54:14', '', '', '/201307/im1374720853134380.jpg', '2013-07-25 11:05:01', '<h2>\r\n	厂家介绍:\r\n</h2>\r\n&nbsp;&nbsp;&nbsp;&nbsp;1898年，路易斯·雷诺三兄弟在布洛涅-比扬古创建雷诺公司。它是世界上最悠久的汽车公司和世界十大汽车公司之一。第一次世界大战中生产枪支弹\r\n药、飞机和轻型坦克，战后恢复了传统的生产活动，并不断开辟新的领域和部门，加强同其他工业公司的联系，成为当时法国最大的工业企业之一。第二次世界大战\r\n期间，为德国法西斯生产武器和军火，1944年9月被法国政府接管，路易·雷诺被惩处。1945年被收归国有，由政府委派董事长，组成管理机构，并改用现\r\n名。从1970年起，公司允许雇员购买公司股票，但最高不能超过25％。此后，公司迅速恢复和发展，逐步实现了经营多样化。目前，雷诺公司是法国第二大汽\r\n车公司，主要产品有雷诺牌轿车、公务用车及运动车等。雷诺汽车是出口德国最多的车种之一，它的质量及可靠性也被认为是第一流的。而今的雷诺汽车公司是法国\r\n最大的国营企业。\r\n<h2>\r\n	品牌故事:\r\n</h2>\r\n公司以创始人路易斯·雷诺（Louis \r\nRenault）的姓氏而命名,图形商标是四个菱形拼成的图案，象征雷诺三兄弟与汽车工业融为一体，表示\"雷诺\"能在无限的（四维）空间中竞争、生存、发\r\n展。1898年，路易斯·雷诺三兄弟在比仰古创建雷诺公司。它是世界上最悠久的汽车公司之一。目前，雷诺公司是法国第二大汽车公司，主要产品有雷诺牌轿\r\n车、公务用车及运动车等。雷诺汽车是出口德国最多的车种之一，它的质量及可靠性也被认为是第一流的。', '雷诺', '2');
INSERT INTO `t_links` VALUES ('43', '2013-07-25 10:54:49', '', '', '/201307/im1374720888425722.jpg', '2013-07-25 11:05:01', '<h2>\r\n	厂家介绍:\r\n</h2>\r\n&nbsp;&nbsp;&nbsp;&nbsp; \r\n1848年，阿尔芒·别儒家族在法国巴黎创建了一家工厂，主要生产拉锯、弹簧和齿轮等。1896年，别儒在蒙贝利亚尔创建了标致汽车公司。1976年该公\r\n司与雪铁龙汽车公司组成标致集团，是欧洲第三大汽车公司。&nbsp;<br />\r\n&nbsp;&nbsp;&nbsp;&nbsp;“标致”（PEUGEOT）曾译名为&nbsp;“别儒”，公司采用&nbsp;“狮子”作为汽车的商标。&nbsp;“标致”的商标图案是蒙贝利亚尔创建人别儒家族的徽章。据\r\n说别儒的祖先曾到美洲和非洲探险，在那里见到了令人惊奇的动物—狮子，为此就用狮子作为本家族的徽章。后来，这尊小狮子又成为蒙贝利亚尔省的省徽。<br />\r\n&nbsp;&nbsp;&nbsp;&nbsp;“标致”这尊小狮子非常别致有口味，它那简洁、明快、刚劲的线条，象征着更为完美、更为成熟的标致汽车。这独特的造型，既突出了力量又强调了节奏，更富有时代气息。<br />\r\n&nbsp;&nbsp;&nbsp;&nbsp;&nbsp;古往今来，狮子的雄悍、英武、威风凛凛被人们视为高贵和英雄，古埃及的巨大雕塑“司芬克司”，就是人首狮身，以代表法老的威严和英武。所以，标\r\n致公司为使用“狮子”商标而感到自豪。\r\n<h2>\r\n	品牌故事:\r\n</h2>\r\n狮子的历史起始于1847年。儒勒和艾弥尔·标致两兄弟请当地最好的铸铁匠为自己制造的工具设计一个标识。他们要设计一个狮形，这代表着标致刀片的主要质\r\n量：锯齿的坚固像狮子牙齿，刀片的灵活性像狮子的脊柱，刀片的速度像狮子腾跃。1850年，狮形首次出现于标致牌锯条产品上。1880年中期，狮子成为标\r\n致产品的唯一象征。 \r\n1910年，标致汽车与自行车股份有限公司使用简单的旧式PEUGEOT字样作为标识。1920年，新狮形出现了：铜制的狮子咄咄逼人，置于水箱盖上端。\r\n1933年，标识又有了新改进：这次是一只吼狮的头像，置于发动机罩顶端。1957年出现了纹章图案，狮身直立于两条后腿，是现在所使用标识的前身。\r\n1975年，镀铬的剪影型镂空标识第一次出现，并使用于标致的所有车型。1980年，现在看到的狮子标识被确定并在1996年重新设计。', '标致', '2');
INSERT INTO `t_links` VALUES ('44', '2013-07-25 10:55:30', '', '', '/201307/im137472092519556.jpg', '2013-07-25 11:04:54', '<h2>\r\n	厂家介绍:\r\n</h2>\r\n&nbsp;&nbsp;&nbsp;&nbsp;&nbsp;&nbsp; \r\n雪佛兰的国际品牌血统已经传承了近百年。是通用汽车全球销量最大的品牌，自1912年推出第一部产品以来至今销量总量已超过1亿辆。其市场覆盖到70个国\r\n家，曾经创下每40秒销售一部新车的记录。2004年雪佛兰全球销量超过360万部新车，占全球汽车当年销量总量的5%。作为通用汽车旗下最为国际化和大\r\n众化的品牌，雪佛兰拥有强大的技术和市场资源。雪佛兰的品牌定位是一个大众化的值得信赖的国际汽车品牌品牌个性是：1、值得信赖&nbsp;2、聪明务实&nbsp;3、亲和\r\n友善&nbsp;4、充满活力。\r\n<h2>\r\n	品牌故事:\r\n</h2>\r\n雪佛兰商标表示的是图案化了的蝴蝶结，文字（Chevrolet）是瑞士的赛车手、工程师路易斯-雪佛兰的名字。', '雪佛兰', '2');
INSERT INTO `t_links` VALUES ('45', '2013-07-25 10:57:06', '', '', '/201307/im1374720961286149.jpg', '2013-07-25 11:04:54', '<h2>\r\n	厂家介绍:\r\n</h2>\r\n&nbsp;&nbsp;&nbsp;&nbsp;1902年，凯迪拉克诞生于被誉为美国汽车之城的底特律。百多年来，凯迪拉克在汽车行业创造了无数个第一，缔造了无数个豪华车的行业标准；可以说\r\n凯迪拉克的历史代表了美国豪华车的历史。在韦伯斯特大词典中，凯迪拉克被定义为“同类中最为出色、最具声望事物”的同义词；被一向以追求极致尊贵著称的伦\r\n敦皇家汽车俱乐部冠以“世界标准”的美誉。\r\n<h2>\r\n	品牌故事:\r\n</h2>\r\n凯迪拉克的标徽是其精神内涵的集中体现，从凯迪拉克标徽在各个发展阶段上的变化不难看到它独特大胆与先锋精神的追求，花冠和盾牌是凯迪拉克标徽永久不变\r\n的，然而与众不同的是，凯迪拉克标徽自诞生以来，其花冠和盾牌的设计在不同时代不断地呈现突破性的变化，百年来竟达30次之多。这充分折射出凯迪拉克的信\r\n心与勇气：在继承底特律城创始者胆识和荣誉精髓的同时，不断大刀阔斧地为其产品注入大胆而前瞻的设计理念。本世纪伊始，凯迪拉克再次对标徽进行了令人耳目\r\n一新的变革。新标徽色彩明快，轮廓鲜明，整体以铂金颜色为底色，而花冠则保留了原有的色彩组合：金黄与纯黑相映，象征智慧与财富；盾牌由不同色彩的块面组\r\n成：红色象征：红色象征行动果敢与追求创新，银白色代表纯洁、仁慈、美德与满足，蓝色代表着豪迈的骑士精神，新的标徽再次勾画出凯迪拉克品牌中同时呈现的\r\n经典，尊贵和突破精神。', '凯迪拉克', '2');
INSERT INTO `t_links` VALUES ('46', '2013-07-25 10:57:47', '', '', '/201307/im1374721058427631.jpg', '2013-07-25 11:04:54', '<h2>\r\n	厂家介绍:\r\n</h2>\r\n&nbsp;&nbsp;&nbsp;&nbsp; \r\n2006年，JEEP&nbsp;吉普作为全球最知名的品牌之一，迎来了诞生65周年的庆典。在这65年中，征服的实力、纯正的品质、追求自由和勇于冒险已经成为\r\nJEEP&nbsp;吉普品牌的标志性特征，而JEEP&nbsp;吉普品牌的SUV在世界各地也处于领先地位。现在，世界上没有任何一家汽车厂商可以提供象JEEP&nbsp;吉普品\r\n牌那样丰富的产品系列。\r\n<h2>\r\n	品牌故事:\r\n</h2>\r\nJEEP车标的含义就是英文吉普的意思，也是戴姆勒-克莱斯勒公司旗下生产越野车的公司JEEP的名称。', 'JEEP 吉普', '2');
INSERT INTO `t_links` VALUES ('47', '2013-07-25 10:59:09', '', '', '/201307/im1374721143839817.jpg', '2013-07-25 11:04:54', '<h2>\r\n	厂家介绍:\r\n</h2>\r\n&nbsp;&nbsp;&nbsp;&nbsp;&nbsp; \r\n1908年福特汽车公司生产出世界上第一辆属于普通百姓的汽车－T型车，世界汽车工业革命就此开始。1913年，福特汽车公司又开发出了世界上第一条流水\r\n线，这一创举使T型车一共达到了1,500万辆，缔造了一个至今仍未被打破的世界记录。1914年1月5日，公司宣布向工人支付8小时5美元的工资，这是\r\n当时9小时工作制工资的两倍，使美国工人的生活发生了革命性的变革。正因为这些，福特被尊为为世界装上轮子的人。在1999年，《财富》杂志将他评为二十\r\n一世纪商业巨人以表彰他和福特汽车公司对人类工业发展所作出的杰出贡献。亨利·福特先生成功的秘诀只有一个：尽力了解人们内心的需求，用最好的材料，由最\r\n好的员工，为大众制造人人都买得起的好车。1863年&nbsp;福特汽车公司创始人亨利福特（HenryFord）生于美国迪尔伯恩市（Dearborn）附近的\r\n一个农场。1896年亨利福特在底特律（Detroit）家中的棚屋内完成了他的第一部汽车－4轮车，并于深夜试车成功。1903年福特汽车公司成立,福\r\n特汽车公司卖出第一部汽车－A型车。1908年&nbsp;福特推出T型车。1913年&nbsp;世界第一条汽车装配流水线在福特汽车工厂投入运行。1914年&nbsp;宣布8小时\r\n日工资为5美元（取代了9小时2.34美元的工资标准），吸引了数万名求职者。\r\n<h2>\r\n	品牌故事:\r\n</h2>\r\n福特汽车的标志是采用福特英文Ford字样，蓝底白字。由于创建人亨利·福特喜欢小动物，所以标志设计者把福特的英文画成一只小白兔样子的图案。', '福特', '2');
INSERT INTO `t_links` VALUES ('48', '2013-07-25 10:59:44', '', '', '/201307/im1374721178300942.jpg', '2013-07-25 11:04:54', '<h2>\r\n	厂家介绍:\r\n</h2>\r\n&nbsp;&nbsp;&nbsp;&nbsp; \r\n别克BUICK品牌始于1900年。在美国密歇根州底特律市，苏格兰人David&nbsp;Dunbar&nbsp;Buick和他的总工程师Walter&nbsp;L.Marr.\r\n离开了他们朝夕相处的船机及农机修理行，开始着手制造第一辆试验汽车（当时马车是主要交通工具）。1903年，他们成立了别克BUICK汽车公司。一年\r\n后，汽车生产正式宣告开始，首批37辆汽车上市销售。&nbsp;别克著名的“三盾”标志是以一个圆圈中包含三个盾为基本图案。它的由来可以直接追溯到汽车制造业的\r\n奠基人－苏格兰人大卫-邓巴-别克的家徽。<br />\r\n&nbsp;&nbsp;1959年，别克标志经历了重大的改革，由三盾替代了原来的一个盾标志，这三个盾分别代表别克的三种车型，它们是\r\nLeSabre,Invicta,Electra。三盾标志仍延用原来的样式和颜色，最大的不同之处在于三盾互叠在一起，其颜色分别为红、白（后改为银\r\n灰）和蓝。&nbsp;今天的“三盾”标志在一些细节上作了修改，鹿头和十字型图案消失了，但红色，银灰色，蓝色三个盾的式样与原先无多大的区别，围棋格子的带状图\r\n案仍使用至今。&nbsp;别克这个家族的图案就象它的名字一样，永远纪念着大卫-邓巴-别克，是他将别克汽车一手缔造起来，并迎来了世界最大的汽车制造商--通用\r\n汽车的诞生。\r\n<h2>\r\n	品牌故事:\r\n</h2>\r\n别克的商标图案是三盾，它的排列给人们一种起点高并不断攀登的感觉，象征着一种积极进取，不断登攀的精神。文字别克是公司创建人大卫-别克的名字。', '别克', '2');
INSERT INTO `t_links` VALUES ('49', '2013-07-25 11:00:18', '', '', '/201307/im1374721211664582.jpg', '2013-07-25 11:04:54', '<h2>\r\n	厂家介绍:\r\n</h2>\r\n&nbsp;&nbsp;&nbsp;&nbsp;&nbsp;&nbsp; \r\n成立于1938年，总部设在德国萨克森州沃尔夫斯堡市的大众汽车集团，是世界汽车行业中最具实力的跨国公司之一。2002年在“《财富》世界500强”中\r\n排名第21位。集团目前拥有9大著名汽车品牌：大众汽车（德国）、奥迪（德国）、兰博基尼（意大利）、宾利（英国）、布加迪（法国）、西亚特（西班牙）、\r\n斯柯达（捷克）、大众汽车商用车（德国）和斯堪尼亚卡车（瑞典）。大众汽车集团在德国、比利时、英国、波黑、西班牙、匈牙利、意大利、波兰、葡萄牙、捷\r\n克、斯洛伐克、美国、墨西哥、巴西、阿根廷、南非、以色列、印度、澳大利亚、日本和中国建有68家全资和参股企业，业务领域包括汽车的研发、生产、销售、\r\n物流、服务、汽车零部件、汽车租赁、金融服务、汽车保险、银行、IT服务等，同时集团在全世界各地设有联络机构和销售服务网络。截止2002年年底，大众\r\n汽车集团在全球提供了32.48万个工作岗位。大众汽车始终坚持技术创新和质量第一的宗旨，致力于研制并生产技术先进、质量优异、具有最佳性能价格比、力\r\n争满足所有消费者需求的汽车产品。世界汽车史上产销量最高的轿车-甲壳虫和高尔夫，均是大众汽车的杰作。进入新世纪以来，大众汽车没有满足于已取得的辉煌\r\n成果，而是以富于前瞻性的眼光和极大的勇气进行战略调整，努力提高研究开发水平，扩大车型品种，加大在中国等新兴市场的投资。\r\n<h2>\r\n	品牌故事:\r\n</h2>\r\n大众汽车公司的德文Volks \r\nWagenwerk，意为大众使用的汽车，标志中的VW为全称中头一个字母。标志象是由三个用中指和食指作出的“V”组成，表示大众公司及其产品必胜－必\r\n胜－必胜。', '大众', '2');
INSERT INTO `t_links` VALUES ('50', '2013-07-25 11:00:55', '', '', '/201307/im1374721248257924.jpg', '2013-07-25 11:04:54', '<h2>\r\n	厂家介绍:\r\n</h2>\r\n&nbsp;&nbsp;&nbsp; \r\n保时捷公司的创始人费蒂南.保时捷在24岁时（1899年）已经发明了电动轮套马达，在第二年的巴黎国际展览会上，保时捷已经名扬四海。保时捷汽车具有鲜\r\n明的特色，甲壳虫式的车形，后置式发动机和优异的性能，令它很快成为知名的汽车。1963年法兰克福国际汽车展览会上，展示了保时捷911型，这个设计直\r\n到现在还有广泛的市场。它的车体设计者是飞利.保时捷的大儿子，费蒂南.阿乐桑德.保时捷，保时捷带后齿轮箱底盘和V--8发动机的928型，新技术\r\n955型，以及带电子调整的四轮驱动系统和无升力车身的911Carrera4型，是近几年来最重要的发展。\r\n<h2>\r\n	品牌故事:\r\n</h2>\r\n举世熟知的porsche盾徽，是1953年由费利·保时捷博士（Dr.Feny \r\nPorsche）所构思。跃动的黑马象征porsche惊人的爆发力，正中央stuttgart字样，代表保时捷公司的所在地；四周厂徽取自巴登佛登堡州\r\n（baden wurttemberg）州徽，并镶以德国国旗黑、红、黄三色，共同构成一面令人热血沸腾的盾徽。\r\n保时捷是德国著名汽车公司。1930年由费迪南德·波尔舍教授建于斯图加特。费迪南德·波尔舍是一位享誉世界车坛的著名设计师。本世纪30年代中叶曾为德\r\n国大众汽车公司设计过风靡全球的甲壳虫轿车的先行车。其子费里·波尔舍继承父业，继续发扬光大。保时捷以生产高级跑车而著名于世界车坛。该公司的标志采用\r\n斯图加特市的标志。纹章中央是一匹马，上部标有STUTTGART（斯图加特）字样。在历史上斯图加特早在16世纪就是名马产地，保时捷标志的左上方和右\r\n下方是鹿角的图案，表明该地也曾是狩猎的场所。右上方和左下方的黄色条纹是成熟麦穗的颜色，意味着肥沃的土地和带给人们的幸福，红色则象征着人们的智慧。', '保时捷', '2');
INSERT INTO `t_links` VALUES ('51', '2013-07-25 11:01:32', '', '', '/201307/im1374721275749114.jpg', '2013-07-25 11:04:54', '<h2>\r\n	厂家介绍:\r\n</h2>\r\n&nbsp;&nbsp;&nbsp;&nbsp;&nbsp;&nbsp; \r\n奥迪是一个国际著名豪华汽车品牌。其代表的高技术水平、质量标准、创新能力、以及经典车型款式让奥迪成为世界最成功的汽车品牌之一。公司总部：德国英戈尔\r\n施塔特,奥迪集团包括母公司及其子公司奥迪匈牙利公司、quattro有限公司以及兰博基尼汽车公司和Coworth技术公司，奥迪巴西及奥迪塞那利塔。\r\n此外，奥迪还在中国、马来西亚和南非等地设有生产厂。<br />\r\n奥迪是一个国际高品质汽车开发商和制造商。现为大众汽车公司的子公司，总部设在德国的英戈尔施塔特，主要产品有A系（包括1-8）、Q系（5、7）、\r\nR系、敞篷车及运动车系列等。2002年，公司汽车销量达到74.2万辆，年收入约226亿欧元，全球雇员达到51,000多人。\r\n2006-2-22:&nbsp;连续十年刷新销售纪录——奥迪公司2005年业绩再创新高。2006年2月22日，奥迪公司在年度新闻发布会中公布了上一年度的各\r\n项业绩，其中，在销售额、税前利润、产量及汽车销量等方面，奥迪再创新高。2005年，奥迪公司的销售额达266亿欧元，同比增长了8.5%；税前利润高\r\n达13.1亿欧元，提高了14.6%，创下企业历史最高水平；整车产量（包括兰博基尼）达811,522辆，增长了3.4%；全球范围向客户销售了\r\n829,109辆奥迪轿车，增长了6.4%，连续第十年刷新销量纪录。2006年1月，奥迪公司宣布其2005年共向全球终端用户交付了829,100辆\r\n汽车（2004年：779,441辆），增幅为6.4%，从而连续第十年创造了汽车销售的新纪录。同时，在全世界39个市场中，奥迪创造了历史最高销量纪\r\n录。至今奥迪仍然在不断的发展着其品牌与技术。<br />\r\n奥迪是德国历史最悠久的汽车制造商之一。从1932年起，奥迪开始采用四环徽标，它象征着奥迪与小奇迹（DKW）、霍希（Horch）和漫游者\r\n（Wanderer）合并成的汽车联盟公司。在20世纪30年代，汽车联盟公司涵盖了德国汽车工业能够提供的所有乘用车领域，从摩托车到豪华轿车。<br />\r\n2008&nbsp;年入选世界品牌价值实验室编制的《中国购买者满意度第一品牌》，排名第七。\r\n<h2>\r\n	品牌故事:\r\n</h2>\r\n大众汽车公司的德文Volks \r\nWagenwerk，意为大众使用的汽车，标志中的VW为全称中头一个字母。标志象是由三个用中指和食指作出的“V”组成，表示大众公司及其产品必胜－必\r\n胜－必胜。', ' 奥迪', '2');
INSERT INTO `t_links` VALUES ('52', '2013-07-25 11:01:59', '', '', '/201307/im1374721317944877.jpg', '2013-07-25 11:04:54', '<h2>\r\n	厂家介绍:\r\n</h2>\r\nBMW的前身是一家飞机工厂,成立于1916年3月7日，最初以制造流线型的双翼侦察机闻名于世,这家公司的名字叫\r\nBFW（Bayerische&nbsp;FlugZeug-Worke），“巴伐尼亚飞机制造厂”，公司始创人名吉斯坦·奥托（Gustan&nbsp;Otto），其父是\r\n鼎鼎大名的四冲程内燃机的发明家。\r\n<h2>\r\n	品牌故事:\r\n</h2>\r\n宝马标志中间的蓝白相间图案，代表蓝天，白云和旋转不停的螺旋浆，喻示宝马公司渊源悠久的历史，象征该公司过去在航空发动机技术方面的领先地位，又象征公\r\n司一贯宗旨和目标：在广阔的时空中，以先进的精湛技术、最新的观念，满足顾客的最大愿望，反映了公司蓬勃向上的气势和日新月异的新面貌。', '宝马', '2');
INSERT INTO `t_links` VALUES ('53', '2013-07-25 11:04:48', '', '', '/201307/im1374721482397523.jpg', '2013-07-25 11:04:54', '<h2>\r\n	厂家介绍:\r\n</h2>\r\n&nbsp;&nbsp;&nbsp;&nbsp;&nbsp;&nbsp; \r\n1909年6月申请戴姆勒公司登记了三叉星做为轿车的标志，象征着陆上、水上和空中的机械化。1916年在它的四周加上了一个圆圈，在圆的上方镶嵌了4个\r\n小星，下面有梅赛德斯“Mercedes”字样。“梅赛德斯”是幸福的意思，意为戴姆勒生产的汽车将为车主们带来幸福。自从奔驰制造了第一辆世界公认的汽\r\n车后，一百多年过去了，汽车早已度过了他的百岁寿辰，而在这一百多年来，随着汽车工业的篷勃发展，曾涌出现很多的汽车厂家，也有显赫一时的，但最终不过是\r\n昙花一现。到如今，能够经历风风雨雨而最终保存下来，不过三四家、而百年老店，却仅只奔驰公司一家。\r\n<h2>\r\n	品牌故事:\r\n</h2>\r\n1909年6月申请戴姆勒公司登记了三叉星做为轿车的标志，象征着陆上、水上和空中的机械化。1916年在它的四周加上了一个圆圈，在圆的上方镶嵌了4个\r\n小星，下面有梅赛德斯“Mercedes”字样。“梅赛德斯”是幸福的意思，意为戴姆勒生产的汽车将为车主们带来幸福', '奔驰', '2');
INSERT INTO `t_message` VALUES ('1', '2013-07-19 15:52:07', '', '2013-07-24 15:50:50', '222222222222', '22222222222');
INSERT INTO `t_message` VALUES ('2', '2013-07-19 15:52:32', '', '2013-07-24 15:50:50', '<img src=\"http://localhost:8080/flower/upload/news/image/20130719/20130719155653_501.jpg\" alt=\"\" />422222444444', '2444444');
INSERT INTO `t_message` VALUES ('3', '2013-07-24 15:57:02', '', null, '2222222', '11111');
INSERT INTO `t_message` VALUES ('4', '2013-07-24 16:11:44', '', null, '3333333', '1222');
INSERT INTO `t_news` VALUES ('17', '2013-07-24 16:41:44', '<p>\r\n	凹陷修复技术以其精湛的技术简化工序、降低成本、节省时间，使车辆还原如新，保持车漆原有状态，同时使车辆原有的价值得到最大限度的保留和体现。<br />\r\n凹陷修复技术与钣金喷漆技术对比：\r\n</p>\r\n<p>\r\n	修复方法:<br />\r\n汽车钣金喷漆:用整形机或锤子用力容易破坏铁板。破坏漆面。<span class=\"Apple-converted-space\">&nbsp;</span><br />\r\n汽车凹陷修复:用汽车凹陷修复工具，不破坏铁板，并恢复原车漆面。\r\n</p>\r\n<p>\r\n	修复时间:<br />\r\n汽车钣金喷漆:作业时间长影响汽车的正常使用。<span class=\"Apple-converted-space\">&nbsp;</span><br />\r\n汽车凹陷修复:缩短修复时间（修复一个凹陷大约1-90分钟）\r\n</p>\r\n<p>\r\n	修复效果:<br />\r\n汽车钣金喷漆:经过一段时间后，车漆会产生裂痕与变色。以及喷涂的色差问题，影响美观。<br />\r\n汽车凹陷修复:修复还原后永不变色。车漆光彩自然。\r\n</p>\r\n<p>\r\n	修复费用:<br />\r\n汽车钣金喷漆:复杂的操作过程及材料的消耗使原料费用高。<span class=\"Apple-converted-space\">&nbsp;</span><br />\r\n汽车凹陷修复:采用新技术降低费用。成本极低。\r\n</p>\r\n<p>\r\n	环保:<br />\r\n汽车钣金喷漆:作业过程中有材料消耗造成环境污染。<span class=\"Apple-converted-space\">&nbsp;</span><br />\r\n汽车凹陷修复:不采用现有工艺无任何污染完成作业。\r\n</p>\r\n<p>\r\n	创新:<br />\r\n汽车钣金喷漆:未损伤车漆的凹陷也需复杂传统钣金工艺来复原。<span class=\"Apple-converted-space\">&nbsp;</span><br />\r\n汽车凹陷修复:无污染完成修复未损伤车漆的凹陷，不需传统的钣金工艺就可100%复原。\r\n</p>\r\n<p>\r\n	价值:<br />\r\n汽车钣金喷漆:经打腻子喷漆等多道复杂工序，无法恢复车漆原有状态。<span class=\"Apple-converted-space\">&nbsp;</span><br />\r\n汽车凹陷修复:采用新技术简化工序保持漆原有状态，关键是保留原车漆使车辆的原有价值得到最大的体现\r\n</p>\r\n<br />', '', '', '2013-07-24 00:00:00', '本网站', '凹陷修复与钣金喷漆比较', '1', '0');
INSERT INTO `t_news` VALUES ('18', '2013-07-24 16:44:41', '<p>\r\n	<span style=\"widows:2;text-transform:none;text-indent:0px;display:inline !important;font:12px/25px Simsun;white-space:normal;orphans:2;float:none;letter-spacing:normal;color:#434343;word-spacing:0px;-webkit-text-size-adjust:auto;-webkit-text-stroke-width:0px;\">单\r\n层部位的修复，只需一个挂链配合大工具就可完成。双层部位的修复，可通过原始孔、刮去粘连胶或打孔进行修复。其基本过程为：确认凹陷位置→确定修复灯摆放\r\n的位置及角度→根据凹陷情况选择适合的工具→确定修复时的支点→大体修复→漆面处理→精确填补→漆面处理→变换角度检验修复直至满意为止。<span class=\"Apple-converted-space\">&nbsp;</span></span><br style=\"widows:2;text-transform:none;text-indent:0px;font:12px/25px Simsun;white-space:normal;orphans:2;letter-spacing:normal;color:#434343;word-spacing:0px;-webkit-text-size-adjust:auto;-webkit-text-stroke-width:0px;\" />\r\n<span style=\"widows:2;text-transform:none;text-indent:0px;display:inline !important;font:12px/25px Simsun;white-space:normal;orphans:2;float:none;letter-spacing:normal;color:#434343;word-spacing:0px;-webkit-text-size-adjust:auto;-webkit-text-stroke-width:0px;\">1、前机盖的修复<span class=\"Apple-converted-space\">&nbsp;</span></span><br style=\"widows:2;text-transform:none;text-indent:0px;font:12px/25px Simsun;white-space:normal;orphans:2;letter-spacing:normal;color:#434343;word-spacing:0px;-webkit-text-size-adjust:auto;-webkit-text-stroke-width:0px;\" />\r\n<span style=\"widows:2;text-transform:none;text-indent:0px;display:inline !important;font:12px/25px Simsun;white-space:normal;orphans:2;float:none;letter-spacing:normal;color:#434343;word-spacing:0px;-webkit-text-size-adjust:auto;-webkit-text-stroke-width:0px;\">前机盖修复比较简单，可根据情况拆掉隔热层或刮去粘连胶或打孔即可修复，需注意的是打恐的位置要选择在隐蔽部位即可。<span class=\"Apple-converted-space\">&nbsp;</span></span><br style=\"widows:2;text-transform:none;text-indent:0px;font:12px/25px Simsun;white-space:normal;orphans:2;letter-spacing:normal;color:#434343;word-spacing:0px;-webkit-text-size-adjust:auto;-webkit-text-stroke-width:0px;\" />\r\n<span style=\"widows:2;text-transform:none;text-indent:0px;display:inline !important;font:12px/25px Simsun;white-space:normal;orphans:2;float:none;letter-spacing:normal;color:#434343;word-spacing:0px;-webkit-text-size-adjust:auto;-webkit-text-stroke-width:0px;\">2、前叶子板的修复<span class=\"Apple-converted-space\">&nbsp;</span></span><br style=\"widows:2;text-transform:none;text-indent:0px;font:12px/25px Simsun;white-space:normal;orphans:2;letter-spacing:normal;color:#434343;word-spacing:0px;-webkit-text-size-adjust:auto;-webkit-text-stroke-width:0px;\" />\r\n<span style=\"widows:2;text-transform:none;text-indent:0px;display:inline !important;font:12px/25px Simsun;white-space:normal;orphans:2;float:none;letter-spacing:normal;color:#434343;word-spacing:0px;-webkit-text-size-adjust:auto;-webkit-text-stroke-width:0px;\">前叶子板修复一般是通过卸下前大灯、轮胎上面的挡泥板、小侧灯就可修复。也可在前叶子板后端的孔隙进行修复，个别情况许将前叶子板上部的固定螺丝卸下，再用三角木支撑出空隙进行修复。<span class=\"Apple-converted-space\">&nbsp;</span></span><br style=\"widows:2;text-transform:none;text-indent:0px;font:12px/25px Simsun;white-space:normal;orphans:2;letter-spacing:normal;color:#434343;word-spacing:0px;-webkit-text-size-adjust:auto;-webkit-text-stroke-width:0px;\" />\r\n<span style=\"widows:2;text-transform:none;text-indent:0px;display:inline !important;font:12px/25px Simsun;white-space:normal;orphans:2;float:none;letter-spacing:normal;color:#434343;word-spacing:0px;-webkit-text-size-adjust:auto;-webkit-text-stroke-width:0px;\">3、车顶的修复<span class=\"Apple-converted-space\">&nbsp;</span></span><br style=\"widows:2;text-transform:none;text-indent:0px;font:12px/25px Simsun;white-space:normal;orphans:2;letter-spacing:normal;color:#434343;word-spacing:0px;-webkit-text-size-adjust:auto;-webkit-text-stroke-width:0px;\" />\r\n<span style=\"widows:2;text-transform:none;text-indent:0px;display:inline !important;font:12px/25px Simsun;white-space:normal;orphans:2;float:none;letter-spacing:normal;color:#434343;word-spacing:0px;-webkit-text-size-adjust:auto;-webkit-text-stroke-width:0px;\">车顶修复时要根据凹陷情况，可全部卸下车顶内饰也可只卸下局部的内饰扣，原则是在工具可到达并可无障碍的情况下就可，尽量减少拆卸。<span class=\"Apple-converted-space\">&nbsp;</span></span><br style=\"widows:2;text-transform:none;text-indent:0px;font:12px/25px Simsun;white-space:normal;orphans:2;letter-spacing:normal;color:#434343;word-spacing:0px;-webkit-text-size-adjust:auto;-webkit-text-stroke-width:0px;\" />\r\n<span style=\"widows:2;text-transform:none;text-indent:0px;display:inline !important;font:12px/25px Simsun;white-space:normal;orphans:2;float:none;letter-spacing:normal;color:#434343;word-spacing:0px;-webkit-text-size-adjust:auto;-webkit-text-stroke-width:0px;\">4、前车门的修复<span class=\"Apple-converted-space\">&nbsp;</span></span><br style=\"widows:2;text-transform:none;text-indent:0px;font:12px/25px Simsun;white-space:normal;orphans:2;letter-spacing:normal;color:#434343;word-spacing:0px;-webkit-text-size-adjust:auto;-webkit-text-stroke-width:0px;\" />\r\n<span style=\"widows:2;text-transform:none;text-indent:0px;display:inline !important;font:12px/25px Simsun;white-space:normal;orphans:2;float:none;letter-spacing:normal;color:#434343;word-spacing:0px;-webkit-text-size-adjust:auto;-webkit-text-stroke-width:0px;\">前\r\n车门修复时一般情况不必拆卸只需将车玻璃降下就可完成。如果凹陷在加强筋里或在车门下部边缘也许要拆卸车门内饰进行修复，也可通过车门下部的排水孔进行修\r\n复。如果在上部的加强筋里可将玻璃外部的的防尘条卸下，通过加强筋上的自然孔进行修复。如果没有自然孔需将车门内饰卸下从加强筋下部边缘进行修复。个别车\r\n型也需要将车门上部的双层分开进行修复。如果凹陷在车门的前部需将车门拆下在修复架上修复，可通过穿线孔修复。<span class=\"Apple-converted-space\">&nbsp;</span></span><br style=\"widows:2;text-transform:none;text-indent:0px;font:12px/25px Simsun;white-space:normal;orphans:2;letter-spacing:normal;color:#434343;word-spacing:0px;-webkit-text-size-adjust:auto;-webkit-text-stroke-width:0px;\" />\r\n<span style=\"widows:2;text-transform:none;text-indent:0px;display:inline !important;font:12px/25px Simsun;white-space:normal;orphans:2;float:none;letter-spacing:normal;color:#434343;word-spacing:0px;-webkit-text-size-adjust:auto;-webkit-text-stroke-width:0px;\">5、后车门的修复<span class=\"Apple-converted-space\">&nbsp;</span></span><br style=\"widows:2;text-transform:none;text-indent:0px;font:12px/25px Simsun;white-space:normal;orphans:2;letter-spacing:normal;color:#434343;word-spacing:0px;-webkit-text-size-adjust:auto;-webkit-text-stroke-width:0px;\" />\r\n<span style=\"widows:2;text-transform:none;text-indent:0px;display:inline !important;font:12px/25px Simsun;white-space:normal;orphans:2;float:none;letter-spacing:normal;color:#434343;word-spacing:0px;-webkit-text-size-adjust:auto;-webkit-text-stroke-width:0px;\">后车门修复比较方便，除了通过修复前门时的途径之外，还可通过后门前端的穿线孔进行修复。一般情况不必将车门整个卸下即可修复。<span class=\"Apple-converted-space\">&nbsp;</span></span><br style=\"widows:2;text-transform:none;text-indent:0px;font:12px/25px Simsun;white-space:normal;orphans:2;letter-spacing:normal;color:#434343;word-spacing:0px;-webkit-text-size-adjust:auto;-webkit-text-stroke-width:0px;\" />\r\n<span style=\"widows:2;text-transform:none;text-indent:0px;display:inline !important;font:12px/25px Simsun;white-space:normal;orphans:2;float:none;letter-spacing:normal;color:#434343;word-spacing:0px;-webkit-text-size-adjust:auto;-webkit-text-stroke-width:0px;\">6、后叶子板的修复<span class=\"Apple-converted-space\">&nbsp;</span></span><br style=\"widows:2;text-transform:none;text-indent:0px;font:12px/25px Simsun;white-space:normal;orphans:2;letter-spacing:normal;color:#434343;word-spacing:0px;-webkit-text-size-adjust:auto;-webkit-text-stroke-width:0px;\" />\r\n<span style=\"widows:2;text-transform:none;text-indent:0px;display:inline !important;font:12px/25px Simsun;white-space:normal;orphans:2;float:none;letter-spacing:normal;color:#434343;word-spacing:0px;-webkit-text-size-adjust:auto;-webkit-text-stroke-width:0px;\">后\r\n叶子板修复时，一般情况只需将后尾灯卸下即可完成，如果凹陷在轮眉边缘时需要将轮胎卸下，在轮胎上面的护板里面开孔进行修复，开孔时一定要把握好开孔器的\r\n力度，因为轮眉边缘部位外部钢板与内部钢板距离比较近，不可将外部钢板也打穿。如果凹陷在后叶子板的上部后当风玻璃两端时，可将后当风玻璃两边的内饰板卸\r\n下通过内饰扣孔进行修复。<span class=\"Apple-converted-space\">&nbsp;</span></span><br style=\"widows:2;text-transform:none;text-indent:0px;font:12px/25px Simsun;white-space:normal;orphans:2;letter-spacing:normal;color:#434343;word-spacing:0px;-webkit-text-size-adjust:auto;-webkit-text-stroke-width:0px;\" />\r\n<span style=\"widows:2;text-transform:none;text-indent:0px;display:inline !important;font:12px/25px Simsun;white-space:normal;orphans:2;float:none;letter-spacing:normal;color:#434343;word-spacing:0px;-webkit-text-size-adjust:auto;-webkit-text-stroke-width:0px;\">7、后备箱的修复<span class=\"Apple-converted-space\">&nbsp;</span></span><br style=\"widows:2;text-transform:none;text-indent:0px;font:12px/25px Simsun;white-space:normal;orphans:2;letter-spacing:normal;color:#434343;word-spacing:0px;-webkit-text-size-adjust:auto;-webkit-text-stroke-width:0px;\" />\r\n<span style=\"widows:2;text-transform:none;text-indent:0px;display:inline !important;font:12px/25px Simsun;white-space:normal;orphans:2;float:none;letter-spacing:normal;color:#434343;word-spacing:0px;-webkit-text-size-adjust:auto;-webkit-text-stroke-width:0px;\">后备箱的修复和前机盖的修复基本相同，只是其部位的边角和筋骨比较多，修复时要注意选择工具，力度要适当必要时要用上修复球。<span class=\"Apple-converted-space\">&nbsp;</span></span><br style=\"widows:2;text-transform:none;text-indent:0px;font:12px/25px Simsun;white-space:normal;orphans:2;letter-spacing:normal;color:#434343;word-spacing:0px;-webkit-text-size-adjust:auto;-webkit-text-stroke-width:0px;\" />\r\n<span style=\"widows:2;text-transform:none;text-indent:0px;display:inline !important;font:12px/25px Simsun;white-space:normal;orphans:2;float:none;letter-spacing:normal;color:#434343;word-spacing:0px;-webkit-text-size-adjust:auto;-webkit-text-stroke-width:0px;\">8、保险杠的修复<span class=\"Apple-converted-space\">&nbsp;</span></span><br style=\"widows:2;text-transform:none;text-indent:0px;font:12px/25px Simsun;white-space:normal;orphans:2;letter-spacing:normal;color:#434343;word-spacing:0px;-webkit-text-size-adjust:auto;-webkit-text-stroke-width:0px;\" />\r\n<span style=\"widows:2;text-transform:none;text-indent:0px;display:inline !important;font:12px/25px Simsun;white-space:normal;orphans:2;float:none;letter-spacing:normal;color:#434343;word-spacing:0px;-webkit-text-size-adjust:auto;-webkit-text-stroke-width:0px;\">保险杠只有个别车型能修复其修复方法是：先用烤灯加热再用修复工具修复，然后用凉水冷却即可，需要注意的是加热程度不要伤害车漆但塑料部分具有可塑性即可。其过程需要反复操作直至满意为止。</span>\r\n</p>', '', '', '2013-07-24 16:50:52', '本网站', '汽车凹陷修复操作规范', '1', '0');
INSERT INTO `t_news` VALUES ('19', '2013-07-24 16:45:13', '&nbsp;&nbsp;&nbsp;&nbsp;汽车凹陷修复技术已在国际上被众多的汽车生产商、销售商认可，备受全球汽车美容业的青睐。因为它打破了传统的\"钣金、打腻子、烤漆\"模式，是汽车外形复原的新技术革命。<br />\r\n&nbsp;&nbsp;&nbsp;&nbsp;众所周知，新车在运输、销售过程中，车辆在使用过程中，无论是汽车销售商还是车主难免会遇到一些头痛的问题（如开车门碰到旁边的车或物；倒车不小\r\n心碰到后面的障碍物；楼上顽童将果核扔到车上……）这时车身会出现不同大小、深度的坑凹，传统的\"钣金、打腻子、烤漆\"即费时、费力、费钱，又影响汽车原\r\n有的价值。\"汽车凹陷修复\"以其精湛的技术简化工序、降低成本、节省时间，使车辆还原如新，保持车漆原有状态，同时使车辆原有的价值得到最大限度的保留和\r\n体现。每台车在使用过程中，\"坑凹\"将会不断地出现，只要车主对此坑凹修复效果认可，就会在车身出现\"坑凹\"时来修复……其中有多大的利润，聪明的商家一\r\n看便知晓。<br />\r\n&nbsp;&nbsp;&nbsp;&nbsp;[汽车凹陷修复]技术的出现使汽车生产厂家、汽车销售商、汽车使用者无比惊喜，填补了这一市场空白解决了广大车主的难题，同时给商家提供了无限的商机和巨大的利润.\r\n<p style=\"widows:2;text-transform:none;text-indent:0px;font:12px/25px Simsun;white-space:normal;orphans:2;letter-spacing:normal;color:#434343;word-spacing:0px;-webkit-text-size-adjust:auto;-webkit-text-stroke-width:0px;\">\r\n	1、 制具的优势：车身\"坑凹\"修复技术所依靠的工具设备是西方汽车工业大国专业人员几十年经验的积累，在此基础上总结实验并研制出的专业工具设备，专业性强，修复效果佳。<br />\r\n2、 修复范围广：世界各国生产的汽车不论是车门机关盖、前翅、后厢盖等\"坑凹\"，修复范围达90%以上。<br />\r\n3、 修复效果好：只要是汽车表面的\"坑凹\"不脱落、不掉漆，通过\"坑凹\"修复技术所采用的专业工具设备不需钣金、不需喷漆均能修复，修复后无论是车漆的颜色、光洁度还是车体钢板的硬度、强度、韧性，耐久性等全都符合技术参数的要求。<br />\r\n4、 修复成本极低：除了工具设备和技术掌握所投入的资金外，在作业过程中其成本几乎为零，利润极高。<span class=\"Apple-converted-space\">&nbsp;</span><br />\r\n4、修复时间短：修复一个坑凹只需10-90分钟。\r\n</p>', '', '', '2013-07-24 16:50:52', '', '凹陷修复', '1', '0');
INSERT INTO `t_news` VALUES ('20', '2013-07-24 16:45:41', '凹陷修复技术已经有数十年的历史，在许多国家早已经不是高端神秘的项目了，它是一种利用专用工具对汽车未损伤车漆的凹陷部位进行快速修复的手工技艺，可以\r\n在短时间内将汽车表面凹坑复原如初，。该技术屏弃了传统的板金、烤漆工艺，具有不伤车漆、快速修复、费用少、时间短的特点。但对于技师的技术要求很高，所\r\n以，这项技术虽然进入中国已经有一定时间，但始终得不到较大范围的推广，许多消费者对于凹陷修复也处于一个模糊的认识，而凹陷修复诸多的优点是完全适合于\r\n人们的审美要求，是既保护车辆原有价值又起到美化车辆的作用，<br />\r\n&nbsp;&nbsp;&nbsp;&nbsp;现在很多汽车服务商都希望自己拥有凹陷修复的技术，但很多人到各个地方学了该技术之后或多或少都会遇到以下几点困惑，一是技术很难到位，实际操作\r\n难度大，二是不知如何引导和推广该业务，三是设备不耐用。其实凹陷修复是一项技术性非常强的技术，不是所谓很短时间所能完全学会的，特别是现在很多的培训\r\n基地都是纯粹技术培训，没有更多的机会给大家实际操作，所以选择这项技术的学习最好是看其实际操作的机会多与否。 \r\n无须任何学历，也没必要非得拥有专业知识，因此对任何人都是可行的。只要运营得当，肯定会得到大的回报。<br />\r\n&nbsp;&nbsp;&nbsp;&nbsp;数十年前美国一场罕见的冰雹把几千辆停放在露天等待转运的新车砸得伤痕累累。由于冰雹所造成的凹坑没有损坏车漆，所以无需喷漆。如果按传统工艺修\r\n复，不仅费时、费力，而且价格相当昂贵。当时有人提出能不能不破坏原车漆面，把凹陷部位修复好？于是，汽车制造商找来数名汽车漆面、钣金专家，经过无数次\r\n实验和分析研究，最终实现了不破坏原车漆面就可使凹陷部位完全复原。人们形象地把新的修复方法比喻为“闪电修复”，即使用专门的设计工具、短时间内将车身\r\n表面凹陷复原如新的钣金技术。<br />\r\n&nbsp;&nbsp;&nbsp;&nbsp;车身凹陷修复是指对车身未损伤原车漆的凹陷部位进行修复，修复中无需钣金、不抹腻子（不需上灰）、不喷涂烤漆，在保持原车漆状态下使凹陷还原如\r\n新，以达到完美修复的效果。目前在国内各大、中、小城市的运行车辆中，90％以上的车辆由于各种原因，车身都有大小不一、深浅不等的凹陷。其中能够用车身\r\n凹陷技术进行修复的车辆约占70％以上。车辆在运输、销售和使用过程中，难免会遇到一些意外情况，如开车门不小心碰到旁边物体；行车不留意撞到周围的障碍\r\n物；楼上顽童将果核扔到车上等。这些都可能导致车身出现大小不同、深浅各异的凹陷。车辆在使用过程中，凹陷会不断地重复出现。然而传统的“钣金、腻子、烤\r\n漆”工艺既费时、费力、又费钱。“凹陷修复”以其工序简单、成本低廉、节省时间等特点受到汽修界越来越广泛的认可。它不仅能保持车漆原有状态，将车辆还原\r\n如新，同时使车辆原有价值得到最大限度的体现。传统钣金工艺喷涂过的车辆，经过一段时间的风吹日晒，车漆很容易产生裂痕或变色，免喷漆凹陷修复技术使用专\r\n业修复工具，不仅简化工序、缩短时间、降低费用、环保、无噪音，而且使车辆价值得到最大限度的保值。对汽车凹陷部位经修复后能保持车辆原有的状态，让车辆\r\n原有价值得到最大的保留。而且对未损伤车漆的凹陷部位通过修复后可达到 100% 的复原，同时该技术也缩短了修复时间，（一个凹陷一般只需 10 - \r\n90 分钟）和大幅度降低费用（恢复费用几乎为零成本），并且经修复还原后的凹陷部位永不变形和退色，完全使车辆再次展现原有的风采。<br />\r\n&nbsp;&nbsp;&nbsp;&nbsp;任何物体出现变形都会在变形部位产生张力，车身碰撞后的凹陷也是如此。物体变形的部位都有恢复其原状的“愿望”或者说“能力,免喷漆的凹陷修复就\r\n是利用力学、光学等原理实现还原修复。同时再使用镜面镀膜技术，以辅助修复后汽车的表面更加光亮如新。', '', '', '2013-07-24 16:50:52', '本网站', '浅谈汽车凹陷修复技术', '1', '0');
INSERT INTO `t_news` VALUES ('21', '2013-07-24 16:46:06', '一）现在国内各大、中、小城市运行的车辆中，50%以上的车辆由于各种原因引起，使车身上有大小不等的凹陷。<span class=\"Apple-converted-space\">&nbsp;</span><br />\r\n（二）现在的交通事故造成的车身凹陷中不损伤车漆的约占60%左右。其中用“车身凹陷修复器”能修复的约占40%。<span class=\"Apple-converted-space\">&nbsp;</span><br />\r\n（三）国产、进口汽车在运输中装卸集装箱造成的车身凹陷约占5-10%。<span class=\"Apple-converted-space\">&nbsp;</span><br />\r\n以上三者均不愿意用传统的钣金工艺修复，是因为传统的钣金修复需要经钣金、抹腻子（上灰）、喷漆、烤漆和拆卸等复杂工序。另外，喷过漆的车辆，经过一段时\r\n间风吹日晒后，车漆会产生裂痕与变色，使车贬值。如采用专利产品“车身凹陷修复器”修复，在原车漆没有损伤的情况下，既简化工序又能保持原车漆，让车辆还\r\n原如新，使车辆的原有价值得到保值。 传统钣金修复与凹陷修复的对比： \r\n经钣金、抹腻子、喷漆、烤漆和拆卸等复杂工序，无法恢复车漆原有状态。用车身凹陷修复器，在保持原有车漆状态下修复，简化工序使车辆原有价值得到最大限度\r\n的保值。未损伤车漆的凹凸部分也需要复杂的传统钣金工艺来修复。未损伤车漆的凹凸部分，不需要传统的钣金工艺，就可快速复原。修复时间长，影响汽车的正常\r\n运营。缩短修复时间。经过一段时间后，车漆会产生裂痕和变色。修复还原后不变形、不变色。修复过程复杂材料消耗多，费用高。采用车身凹陷修复器，操作简\r\n单，费用低。修复过程噪音大，会造成环境污染。采用车身凹陷修复器，环保无噪音。<br />\r\n1、投资风险低：个人仅仅需要投资不多的费用，就可以进行经营销售。您投入的资本可以取得实实在在的收入，也是市场实实在在的需求，是汽车一族和用车人必须需要的服务。<br />\r\n2、 长期经营：汽车凹陷修复技术，挡风玻璃修复技术是完美的组合，是分不开的美容项目，随着汽车产业的飞速发展，市场会越来越大。你的修理厂或美容店增加了汽车凹陷修复技术，挡风玻璃修复技术，您的利润收入也会非常丰厚，源源不断。<br />\r\n3、初期创业者也可无须开店，直接经营，您只要投资些名片和网络的宣传，便可以直接经营销售。您也可以把您周边的小规模修理厂和美容店联系起来，利润分\r\n成，省去了纳税和房租，只要您的信息推广好，就可以赚钱了。（各美容店，汽修厂，各四S店，大型停车场，生活小区，广大车友都可成为客户）<br />\r\n4、工具携带方便，可在户外进行各种修复，随时随地创造效益', '', '', '2013-07-24 16:50:52', '本网站', '汽车凹陷修复营销策略', '1', '0');
INSERT INTO `t_news` VALUES ('22', '2013-07-24 16:46:30', '汽车凹陷修复]技术已在国际上被众多的汽车生产商、销售商认可，备受全球汽车美容业的青睐。因为它打破了传统的\"钣金、打腻子、烤漆\"模式，是汽车外形复原的新技术革命。<br />\r\n&nbsp;&nbsp;&nbsp;&nbsp;众所周知，新车在运输、销售过程中，车辆在使用过程中，无论是汽车销售商还是车主难免会遇到一些头痛的问题（如开车门碰到旁边的车或物；倒车不小\r\n心碰到后面的障碍物；楼上顽童将果核扔到车上……）这时车身会出现不同大小、深度的坑凹，传统的\"钣金、打腻子、烤漆\"即费时、费力、费钱，又影响汽车原\r\n有的价值。\"汽车凹陷修复\"以其精湛的技术简化工序、降低成本、节省时间，使车辆还原如新，保持车漆原有状态，同时使车辆原有的价值得到最大限度的保留和\r\n体现。每台车在使用过程中，\"坑凹\"将会不断地出现，只要车主对此坑凹修复效果认可，就会在车身出现\"坑凹\"时来修复……其中有多大的利润，聪明的商家一\r\n看便知晓。<br />\r\n&nbsp;&nbsp;&nbsp;&nbsp;[汽车凹陷修复]技术的出现使汽车生产厂家、汽车销售商、汽车使用者无比惊喜，填补了这一市场空白解决了广大车主的难题，同时给商家提供了无限的商机和巨大的利润.\r\n<p>\r\n	1、 制具的优势：车身\"坑凹\"修复技术所依靠的工具设备是西方汽车工业大国专业人员几十年经验的积累，在此基础上总结实验并研制出的专业工具设备，专业性强，修复效果佳。<br />\r\n2、 修复范围广：世界各国生产的汽车不论是车门机关盖、前翅、后厢盖等\"坑凹\"，修复范围达90%以上。<br />\r\n3、 修复效果好：只要是汽车表面的\"坑凹\"不脱落、不掉漆，通过\"坑凹\"修复技术所采用的专业工具设备不需钣金、不需喷漆均能修复，修复后无论是车漆的颜色、光洁度还是车体钢板的硬度、强度、韧性，耐久性等全都符合技术参数的要求。<br />\r\n4、 修复成本极低：除了工具设备和技术掌握所投入的资金外，在作业过程中其成本几乎为零，利润极高。<span class=\"Apple-converted-space\">&nbsp;</span><br />\r\n4、修复时间短：修复一个坑凹只需10-90分钟。\r\n</p>', '', '', '2013-07-24 16:50:52', '本网站', '汽车凹陷修复的项目优势', '1', '0');
INSERT INTO `t_news` VALUES ('23', '2013-07-24 16:47:44', '<p style=\"widows:2;text-transform:none;text-indent:0px;font:12px/25px Simsun;white-space:normal;orphans:2;letter-spacing:normal;color:#434343;word-spacing:0px;-webkit-text-size-adjust:auto;-webkit-text-stroke-width:0px;\">\r\n	汽车玻璃修补的原理和意义<span class=\"Apple-converted-space\">&nbsp;</span><br />\r\n一、汽车玻璃修补的原理是什么？<br />\r\n汽车玻璃修补的原理是使用与玻璃折射系数（光学性能）相同的树脂，采用特殊的工艺，将树脂注入玻璃裂缝，并使其固化，使树脂完全取代玻璃间隙中的空气，实现玻璃和树脂完全粘结成一个整体。具体步骤如下：<br />\r\n1、使用真空器将玻璃破碎部位中的空气完全抽出；<br />\r\n2、把破碎部位中充分注满与玻璃具有相同折光度的树脂胶水；<br />\r\n3、用紫外灯将破碎部位中的树脂胶水完全晒干固化；<br />\r\n4、经过修饰和抛光修补表面使玻璃完好如初。<br />\r\n二、汽车玻璃修补有哪些意义？<br />\r\n1、恢复挡风玻璃的强度和抵压能力；<br />\r\n2、因玻璃有脆性，可防止其碎裂的进一步伸展；<br />\r\n3、大大改善挡风玻璃的外观，恢复驾驶员或乘客的视线；<br />\r\n4、维修快捷，并且维修费用远远低于更换挡风玻璃的费用；<br />\r\n5、不会对原车的其它零部件产生任何影响，保持其原来的状态等。<br />\r\n6、减少对环境的污染。因更换风挡玻璃，拆下的旧玻璃不能被回收利用，也不能自然腐化，易造成环境污染。<br />\r\n7、减少因更换新玻璃时的施工不当，对车身或密封条造成损坏，引起漏水或渗水的机会。<br />\r\n三、汽车风挡玻璃破损形状<br />\r\n汽车风挡玻璃破损后，形状各异，但一般可以归为五大类形状。\r\n</p>\r\n<p style=\"widows:2;text-transform:none;text-indent:0px;font:12px/25px Simsun;white-space:normal;orphans:2;letter-spacing:normal;color:#434343;word-spacing:0px;-webkit-text-size-adjust:auto;-webkit-text-stroke-width:0px;\">\r\n	1、牛眼状<br />\r\n描述：圆点形状，半月形状。<span class=\"Apple-converted-space\">&nbsp;</span><br />\r\n说明：直径小于38毫米可修补。<br />\r\n标准：修复后破损部位透明无阴影，撞击点有模糊感。\r\n</p>\r\n<p style=\"widows:2;text-transform:none;text-indent:0px;font:12px/25px Simsun;white-space:normal;orphans:2;letter-spacing:normal;color:#434343;word-spacing:0px;-webkit-text-size-adjust:auto;-webkit-text-stroke-width:0px;\">\r\n	2、星形状<br />\r\n<br />\r\n● 描述：放射性裂纹。<br />\r\n● 说明：直径小于38毫米可修补。<br />\r\n● 标准：修复后破损部位透明无阴影，可见细小裂痕，撞击点有模糊感。\r\n</p>\r\n<p style=\"widows:2;text-transform:none;text-indent:0px;font:12px/25px Simsun;white-space:normal;orphans:2;letter-spacing:normal;color:#434343;word-spacing:0px;-webkit-text-size-adjust:auto;-webkit-text-stroke-width:0px;\">\r\n	3、裂缝状<br />\r\n● 描述：较长的单一线状裂纹。<br />\r\n● 说明：直径小于150毫米可修补。<br />\r\n● 标准：修复后破损部位透明无阴影，可见细小裂痕。\r\n</p>\r\n<p style=\"widows:2;text-transform:none;text-indent:0px;font:12px/25px Simsun;white-space:normal;orphans:2;letter-spacing:normal;color:#434343;word-spacing:0px;-webkit-text-size-adjust:auto;-webkit-text-stroke-width:0px;\">\r\n	4、复合形状<br />\r\n<br />\r\n● 描述：圆点/半月状+放射状。<br />\r\n● 说明：直径小于38毫米可修补。<br />\r\n● 标准：修复后破损部位透明无阴影，可见细小裂痕，撞击点有模糊感。\r\n</p>\r\n<p style=\"widows:2;text-transform:none;text-indent:0px;font:12px/25px Simsun;white-space:normal;orphans:2;letter-spacing:normal;color:#434343;word-spacing:0px;-webkit-text-size-adjust:auto;-webkit-text-stroke-width:0px;\">\r\n	5、浅坑<br />\r\n● 描述：点状撞击坑。<br />\r\n● 说明：直径大于3毫米小于10毫米可修补。<br />\r\n● 标准：修复后破损部位有模糊感。\r\n</p>', '', '', '2013-07-24 16:50:52', '本网站', '汽车玻璃修复的原理和意义', '1', '0');
INSERT INTO `t_news` VALUES ('24', '2013-07-24 16:48:09', '<p>\r\n	要说汽车玻璃维修工，首先得谈谈汽车玻璃的重要性。据专业人士介绍，汽车玻璃的功能不仅是遮风挡雨、透光保温，它也是汽车安全系统的重要组成部分，\r\n关系到驾驶员和乘员的人身安全。例如，按照我国《汽车安全玻璃标准 \r\nGB9656-2003》中规定，当车辆发生撞击事故时，挡风玻璃必须保留在车身上，保障司乘人员不被抛出车外;挡风玻璃是司机右侧乘员位置安全气囊在展\r\n开时的后支撑板;当汽车发生翻车事故时，挡风玻璃还是车顶钢性强度至关重要的支撑系统。<br />\r\n据统计，2006年我国汽车的保有量在3600万辆左右，按国际惯常使用的8%的破损率计算，我国每年汽车玻璃的破损大约为300万片，因此每年都有大量\r\n破损的汽车玻璃在维修市场进行更换、维修。目前我国从事汽车玻璃维修的厂家超过5000家，其中汽车玻璃安装工约6万人。由于缺少经过培训的汽车玻璃维修\r\n工，造成20%以上汽车玻璃安装质量不合格，给消费者生命安全埋下了隐患。据相关部门统计，在交通事故中，由于汽车玻璃原因，大约有10%的乘员受到二次\r\n伤害，乘员的死亡几率增加了2%。来自中国保险行业协会财产保险工作委员会的统计也表明，因汽车玻璃没有达到安全标准而造成的人身伤亡不在少数\r\n</p>\r\n<p>\r\n	一、行业素质<br />\r\n手指破了，是修复还是切除?根据美、英、日本等发达国家多年的数据显示，每年汽车挡风玻璃的破损率为汽车总量的10%，其中可修补率则达到70%。同时数\r\n据显示，在欧、美等国的车主对于原产车的配件以及部件有很强的热衷度，有80%的汽车玻璃破损的车主会优先选择玻璃修补，而不是更换。<br />\r\n但是在目前国内的很多汽车维修厂家，没有先进的修补技术，他们的技术工人与其说是维修工，不如说是更换工，哪怕是破了很小的一个洞口，就更换了整面玻璃。\r\n更换玻璃，对于玻璃维修店而言，意味着更大的利润;对玻璃维修工而言，意味着简单快捷;对于不知情的消费者而言，认为与其修复受损玻璃，不如更换新的，反\r\n正有保险埋单。<br />\r\n因为原装玻璃不论从密封性、隔音效果、美观程度、以及环保等角度考虑，都是更换后的玻璃所不能比拟的。作为一个合格的汽车玻璃维修工，要具备以下几种专业\r\n素质：(1)根据汽车玻璃破损情况，判断汽车玻璃是否需要更换或修补;(2)根据车型、配件型号，判断所需更换的汽车玻璃类型，并制定操作方案;(3)使\r\n用气动、电动、手动等专业工具施用汽车玻璃专用胶，并拆、装汽车玻璃;(4)利用仪器、仪表对汽车玻璃相关的控制电路、电子元件进行检验、检测和修理调\r\n试，处理在安装玻璃过程中发生的各种电路和机械故障;(5)使用专业工具对汽车玻璃进行修补;(6)使用检测工具对更换的汽车玻璃进行密封性检测。而其中\r\n最为重要的一个专业素质则是根据汽车的破损情况，判断汽车玻璃是否需要更换或修补。很轻易地更换汽车玻璃，不仅造成了汽车玻璃大量的浪费，在某种程度上，\r\n对消费者，乃至保险都是一种利益侵害。<br />\r\n二、健康隐患<br />\r\n目前在国内市场上，车主和修理厂为了尽可能节约成本，用的玻璃胶品质很难保证。而一些号称既能粘汽车玻璃、建筑玻璃，还可以粘地板、浴缸的万能胶，虽然需\r\n100多元一支，其实就是建筑用胶，根本达不到汽车玻璃所用的安全标准。经常听一些汽车玻璃维修工抱怨说使用了这些有害物质超标的玻璃修复剂后手上起了红\r\n疹子。<br />\r\n三、发展前景<br />\r\n汽车玻璃维修工这个职业的设立，不仅有利于提高我国汽车玻璃维修从业人员的职业素质，而且对于保障广大司乘人员的生命财产安全和整个行业的持续健康发展，都具有重要的意义。<br />\r\n在被称为“轮子上的国家”的美国，汽车玻璃维修工早已成为一个正式的职业，汽车玻璃维修工必须经过培训、考试合格拿到注册证书后，方可进行汽车玻璃的安装、更换，而且更换安装后的汽车玻璃要符合美国联邦车辆车窗玻璃安全标准\r\n</p>', '', '', '2013-07-24 16:50:52', '本网站', '汽车玻璃修复的市场潜力', '1', '0');
INSERT INTO `t_news` VALUES ('25', '2013-07-24 16:48:55', '问题：为什么在钻孔时当钻透第一层玻璃时玻璃会裂开？<br />\r\n解答：最可能的情况是操作时钻头没有进行正确晃动，方法正确时玻璃不会开裂，而且钻出的孔容易使空气排出，另一个解决方法是把外层玻璃钻一半，然后将\r\n划线器置致孔处，用橡胶棒等类似物品，轻轻击打划线器的另一端，这样就会使裂缝开至孔处，从而防止裂缝继续向前延升。这个方法对长裂缝也很有效。钻孔时间\r\n太长，没有有效的降温也是裂开的原因。钻10秒休息8秒为宜。<br />\r\n<br />\r\n问题：当我修完之后效果很好但过了一段时间后裂缝好像又出现了，这是为什么？<br />\r\n解答1：最常见的原因是过热，把玻璃加热到26--32℃是最合适的温度，过了这个温度玻璃就会膨胀，而把树脂挤出来，这样当时看起来好象已经修好，\r\n其实裂缝中的部分树脂已经溢出，当玻璃凉下来之后裂缝就会又出现了。为了验证这个说法，您可以把一块有小坑的玻璃加热而不点树脂，小坑也会消失，冷却后看\r\n看有什么情况发生？对，裂缝又出现了。<br />\r\n解答2：另一种常见原因是放置修补器或推动活塞时压力太大，这样就会产生和过热时产生的现象相同，解决这个问题的方法是当活塞接触到玻璃时再旋转一圈，通过调整后面的螺杆来进行最后的水平调整。<br />\r\n<br />\r\n问题：为什么修补完成后会出现水纹状的痕迹？<br />\r\n解答：过热和过压都会使玻璃从破裂处分层，这时树脂就会从破口流走，这个问题在夏季牛眼状裂缝和大的综合性裂纹中容易出现。但有时在裂缝的终端也会出\r\n现。这也叫戴西效应，它不是机械问题而是一种视觉问题，所以在夏季修补前一定要先冷却玻璃，压力不要太大，用紫外线防护罩将其覆盖几分钟将有助于冷却玻\r\n璃，如果空气温度超过26℃，就不要加热了。<br />\r\n<br />\r\n问题：为什么药水有时不固化？<br />\r\n解答1：有多种原因，最常见的是您用的固化胶带或固化标签不合格，它会阻挡固化灯的紫外线，保险起见建议您用专用的固化胶条和标签会起到好的效果。<br />\r\n解答2：如果您在用紫外线固化灯固化一定要保证电池电量充足，不要笑，90%送回的修补工具只是因为电池电量的原因，假如电池没事，换一个新的灯管，\r\n如果这些方法都不行的话，在太阳光下固化。如果证实确是线路的问题，可以确认一下（这种情况很少）。<br />\r\n解答3：药水受到污染但是这种情况很少见，但是也有发生，不要把用过的药水放回药水瓶中，它能会从玻璃表面带进一些物质污染药水。<br />\r\n<br />\r\n问题：为什么固化时间长？<br />\r\n解答1：一般在固化操作之前要先用优质点坑用药水，它的固化速度很快，修补后玻璃上的小坑将会消失并且小坑处变得很平整，不用点坑药水会导致固化时间加长，有时要用几次填缝用药水才能达到目的。<br />\r\n解答2：参看前面，固化胶条不好时也会导致这样的结果。<br />\r\n解答3：固化灯也有区别，一般来说120/240伏的固化时间最短，12伏的次之，电池型的最差，电池电压越大固化越快，但电池型携带很方便。<br />\r\n<br />\r\n问题：为什么当揭下固化胶条时点坑用药水会掉下来？<br />\r\n解答：通常这是因为在修补之前用了蜡或其他类似的玻璃处理剂，所以在开始修补前要先用优质抛光剂、滑石粉、氧化膜、面巾纸等把处理剂去掉，劣质点坑用药水也会产生这样的问题。<br />\r\n<br />\r\n问题：为什么修补之后仍能感觉到坑的存在？<br />\r\n解答：因为您没用点坑药水或者贴胶条时按下了手印，许多机械师在固化前为了让胶条平整而用手按，这样固化时就会留下手印<br />\r\n<br />\r\n问题：当修补裂缝时为什么填满药水时会有气泡？<br />\r\n解答：假如您只是简单的让药水沿裂缝流动，它会在有的地方渗出来，通常在撞击点加一滴药水直到它不再流动，然后在停留后0.16cm远的地方再加一\r\n滴，这样每加一滴，药水就会流动0.64cm到1.27cm的距离,重复操作直到裂缝填满。移动修补器、在两端同时注入药水或者用裂缝扩展器这些方法操作\r\n时也会容量产生气泡，所以最好在撞击点加药水并且尽量不要在内外用太大的压力。<br />\r\n<br />\r\n问题：怎样把气泡从撞击点赶出去？<br />\r\n解答：当您用药水把裂缝填满后，在钻孔处放一滴点坑用药水，把固化胶条贴上之前，用一个针或针状物捅一捅把其中的气泡赶到表面，然后再贴上胶带就会把它赶出来。<br />\r\n<br />\r\n问题：在日光下操作如何避免在填满裂缝之前药水先固化？<br />\r\n解答：在固化之前在修补器和要修补的地方盖上紫外线防护罩。<br />\r\n<br />\r\n问题：如何延长合金钻头的寿命？<br />\r\n解答1：每次用完之后用打火机把钻头上面的残留物烧掉，这样至少会延长一半的寿命。<br />\r\n解答2：用太大的压力或者转速过高，将引起过热那样会过早的使钻头钝化。<br />\r\n解答3：尽管一些钻头经销商建议用药水做冷却剂，但发现这只会廷长操作时间而不会延长钻头的使用寿命。<br />\r\n<br />\r\n问题：我是否能在修补前或修补过程中加热玻璃呢？<br />\r\n解答：最好在开始前加热，以便去除裂缝中的湿气。但如果玻璃预热了则药水也应预热，以使玻璃和药水处于相同的温度，热的药水在凉玻璃上或者凉的药水在热玻璃上都会影响修补效果，一般在裂缝几英寸的地方慢慢加热，在冷天这显得尤为重要。<br />\r\n<br />\r\n问题：怎样加热效果最好？<br />\r\n解答：有几种方法可以使用：点烟器、汽车用除霜器、吹风机、加热灯、加热枪和电子烘干器。这些都可以，看您使用哪种方便。在很冷的天气时，汽车用除霜器和加热灯要好一些。<br />\r\n<br />\r\n问题：加热玻璃会加快修补速度吗？<br />\r\n解答：是的，加热后药水在裂缝中流动较快，但不要使温度太高否则玻璃会膨胀堵塞裂缝，这会给人一种修好的假象，但是当它凉下来时裂缝又会出现。过热还\r\n会在修补后产生波纹状现象，术语称黛西效应。如果玻璃加热到不能用手接触时，一定要等它凉下来再移动修补器和完成其后的操作，减少产生黛西效应。最好不要\r\n在加压下加热，但有时可根据不同情况在有压力的情况下加热，但操作时一定要小心。<br />\r\n问题：去除湿气最好的方法是什么？<br />\r\n解答：电子烘干器在20秒内能去除大部分情况下的湿气，其他加热和真空操作设备要用一个多小时，用化学药剂可能会留下与玻璃不相配的残留物，并且并不能把湿气全部赶出来，真空和气泵装置证明也不是很有效的。<br />\r\n<br />\r\n问题：我能用手加压从而扩展裂缝吗？<br />\r\n解答：可以，但您总不能一手在里面操作一手在外面操作吧。所以最好用裂缝扩展器，玻璃弯曲太厉害会吸进空气，所以最好在树脂填满裂缝之前不要使玻璃弯曲太大，在星形裂缝处也可用裂缝扩展器。<br />\r\n<br />\r\n问题：工具能用其他品种的修复剂吗？<br />\r\n解答：这样的话风险自担，活塞是橡胶的，能耐大部分修复剂的腐蚀，但是不知道其他品牌修复剂的化学成份，所以不能保证活塞不被损坏。但用的修复剂保证不会有任何问题。<br />\r\n<br />\r\n问题：在垂直的玻璃上操作时我需不需要用其他辅助装置，比如大客车和大卡车上的玻璃？<br />\r\n解答：不用，只需要多加些药水，旋出一个吸盘的螺丝，是修复器倾斜就行。垂直修补会需要更长时间和更多树脂所以您要收费相对高一点。<br />\r\n<br />\r\n问题：如果破口处掉下的玻璃比活塞口大怎么办？<br />\r\n解答：大的在破口处加上点坑树脂，。，固化5分钟后用刀片铲平，然后在此钻一个孔，其它的步骤按正常操作。小的破口粘上胶带，胶带打一孔，就修复器孔放在胶带上就可以，孔要对准。<br />\r\n<br />\r\n问题：怎样清洁活塞最好？<br />\r\n解答：用空气压缩机或罐装压缩空气吹净活塞体和柱体中的药水。如果您没有压缩空气装置，可以用棉签或柔软的干布将其擦净后，分开单独存放在工具箱中，\r\n不要把活塞体放在柱体中一起保存。当然您也可以用酒精清洗，但如果您每次都能擦干净，就不一定非用酒精。酒精也可用来清洗修补器、灯具、钻头等。<br />\r\n<br />\r\n问题：洗车时留下的蜡和肥皂会影响修补效果吗？<br />\r\n解答：是的，一些肥皂和蜡的成分在晾干后会挥发，一般来说这需要几小时甚至几天才可以。避免这个问题是在修补前用压缩空气把这些东西的残留物从裂缝中\r\n吹出，一些商店供应小罐压缩空气和掺有酒精的气体，效果很好。但用时必需要有油水过滤器，空气流速不要超过20PSI。<br />\r\n<br />\r\n问题：如果夹层玻璃里面的那一层坏了，能修吗？怎么修？<br />\r\n解答：通常夹层玻璃内部损坏后不象外层那么明显，它的损坏点颜色显得比较淡。所以您要用划线器在玻璃表面检查，如果您能感觉到，它就是在外面，如果感\r\n觉不到这就可能是夹层玻璃里面的那一层损坏了。有贴膜时，这种情况修补时药水不容易进去，有的工程师会从外面或车里面钻孔来完成修补，大部分的这种情况但\r\n是不提倡这样做。但可以尝试修复，想办法让药水深入。<br />\r\n<br />\r\n问题：日光玻璃能修补吗？<br />\r\n解答：日光玻璃有两种类型。1：把防晒保护物质加入到制玻璃的原料中，这样的能修，大部分的汽车挡风玻璃也是这种玻璃。2：把金属/金属氧化物涂在两\r\n层玻璃中间，这种日光玻璃是用聚丙二醇合成的，又叫做sungate,不建议修这种玻璃，因为空气和夹层物质接触后玻璃会分层产生斑点，开车时会影响视线\r\n从而发生危险，虽然用工具修后能使它的强度大大增加但最好还是听从玻璃经销商的建议不要修，修补损坏严重的这种日光玻璃后会在修补处留下一个白色的环。假\r\n如要修时钻孔不要把第一层玻璃钻透那样日光膜会被进一步破坏。<br />\r\n<br />\r\n问题：带有雨刷传感器的挡风玻璃能修吗？<br />\r\n解答：这种玻璃结构和其他的玻璃没什么区别，传感器很小，安装在玻璃夹层里，因此挡风玻璃本身修补对它没有什么不利影响，但它是通过玻璃折射光的多少\r\n控制着传感器，所以如果一块石头正好撞在安放传感器的地方，它会引起传感器的故障，甚至撞击点修好后折射光也会原先不一样，一些车可以把传感器移到没有修\r\n补的地方，马自达、宝马车就是用的这种设计，实践证明这样的结构对传感器点的修补不会产生负面影响也不会使它的功能受到影响。<br />\r\n<br />\r\n问题：为什么有时在日光下工作时药水不能填满裂缝？<br />\r\n解答：假如您在日光下操作时没有用紫外线防护罩，过量的日光照射会凝固药水从而阻塞它流动的通道，所以用固化灯固化之前使用紫外线防护罩是非常必要的。<br />\r\n<br />\r\n<span class=\"Apple-converted-space\">&nbsp;</span><br />\r\n问题：修补器的活塞螺杆和柱体粘在了一起怎么办?<br />\r\n解答：在每次修补后一定要用压缩空气或酒精把活塞螺杆和柱体内里清洗干净，并分开保存，有树脂存在时不要随便的翻转修补器和活塞，以免药水流出来，如果不小心药水流出来应立即用酒精擦洗干净。<br />\r\n问题：玻璃破裂处污损如何处理?<br />\r\n解答:先用毛巾将玻璃表面搽拭干净,在牛眼、裂缝处涂上酒精,然后用真空枪将污物吸出，最后用气泵对准裂缝或牛眼吹风数分钟至酒精彻底挥发即可。<br />\r\n<br />\r\n问题：为什么在钻孔时当钻透第一层玻璃时玻璃会裂开？<br />\r\n解答：一般情况下是操作时压力太大或用力不匀，以及过热所致，可找一块破损的汽车玻璃多实践几次即可掌握，方法正确时玻璃就不会开裂。<br />\r\n<br />\r\n问题：当修完之后效果很好但过了一段时间后裂缝又出现了，这是为什么？<br />\r\n解答1：最常见的原因是过热，把玻璃加热到26--32℃是最合适的温度，过了这个温度玻璃就会膨胀，而把药水挤出来，这样当时看起来好象已经修好，其实\r\n裂缝中的部分药水已经溢出，当玻璃凉下来之后裂缝就会又出现了。为了验证这个说法，您可将一块有小坑的玻璃加热而不点药水，小坑也会消失，但冷却后小坑又\r\n出现了。<br />\r\n<br />\r\n问题：怎样加热效果最好？<br />\r\n解答：有几种方法可以使用：电吹风、加热灯、加热枪和电子烘干器。这些都可以，看您使用哪种方便，本工具箱内配有电吹风，方便实用。<br />\r\n<br />\r\n问题：加热玻璃会加快修补速度吗？<br />\r\n解答：是的，加热后药水粘度降低，在裂缝中流动较快，但不要使温度太高，否则玻璃会膨胀堵塞裂缝，这会给人一种修好的假象，但是当它凉下来时裂缝又会出现。如果玻璃加热到不能用手接触时，一定要等它凉下来再进行操作。<br />\r\n<br />\r\n问题：用手加压扩展裂缝可行吗？<br />\r\n解答：不行。用手加压，力的均衡度难以掌握，所以最好用裂缝扩展器，玻璃弯曲太厉害会吸进空气，所以最好在药水填满裂缝之前不要使玻璃弯曲太大， 在牛眼、星形裂缝处也可用裂缝扩展器。<br />\r\n<br />\r\n<br />\r\n<br />\r\n问题：玻璃修补的具体意义和效果的误区。<br />\r\n解答：玻璃在行车玻璃和遇到沙石撞击出现破裂及时修复后保证玻璃的牛眼星星状不再继续扩大裂纹不再延长玻璃的安全性能达到原车玻璃质量标准，减免了更换玻\r\n璃的繁琐和质量不可靠行节约费用，，星星 牛眼 月牙状的视觉效果能达到90%以上。安全质量达到100%修补后，清晰度可达 95% 恢复原有的强度', '', '', '2013-07-24 16:50:52', '本网站', '汽车玻璃修复常见技术问题', '1', '0');
INSERT INTO `t_news` VALUES ('26', '2013-07-24 16:49:59', '<p>\r\n	<span style=\"widows:2;text-transform:none;text-indent:0px;display:inline !important;font:12px/25px Simsun;white-space:normal;orphans:2;float:none;letter-spacing:normal;color:#434343;word-spacing:0px;-webkit-text-size-adjust:auto;-webkit-text-stroke-width:0px;\">汽车玻璃修补设备的使用方法：（中注液型）</span><br style=\"widows:2;text-transform:none;text-indent:0px;font:12px/25px Simsun;white-space:normal;orphans:2;letter-spacing:normal;color:#434343;word-spacing:0px;-webkit-text-size-adjust:auto;-webkit-text-stroke-width:0px;\" />\r\n<span style=\"widows:2;text-transform:none;text-indent:0px;display:inline !important;font:12px/25px Simsun;white-space:normal;orphans:2;float:none;letter-spacing:normal;color:#434343;word-spacing:0px;-webkit-text-size-adjust:auto;-webkit-text-stroke-width:0px;\">注：\r\n修复器在使用时要检查气密性，（二次真空度）将修复器活塞拔出4分之1，然后松开手，活塞应快速弹回。再检查修复器压力，将活塞拔到最上面，用手堵住出气\r\n口，在往回轻轻压，在小活塞进槽时，应该有轻微的压力存在。确认修复器没问题后在进行修复操作。若没有上述现像，及时更换活塞上面的小胶圈，在更换胶圈时\r\n要用修复药水浸泡一下胶圈，以便更好的膨胀密封。大胶圈在活塞不正常回位时也应更换， \r\n不回位是由于在修复器使用时缸体浸入药水将大胶圈膨胀造成的，更换后将换下的胶圈放在清水里清洗一下，放段时间就可以继续使用了。</span><br style=\"widows:2;text-transform:none;text-indent:0px;font:12px/25px Simsun;white-space:normal;orphans:2;letter-spacing:normal;color:#434343;word-spacing:0px;-webkit-text-size-adjust:auto;-webkit-text-stroke-width:0px;\" />\r\n<span style=\"widows:2;text-transform:none;text-indent:0px;display:inline !important;font:12px/25px Simsun;white-space:normal;orphans:2;float:none;letter-spacing:normal;color:#434343;word-spacing:0px;-webkit-text-size-adjust:auto;-webkit-text-stroke-width:0px;\">第\r\n一步安装吸盘支架，（在吸盘里喷些水，吸附会更牢固）然后安装注胶器接嘴（将密封垫圈装好，在垫圈周围抹些药水增加气密性）。注胶器接嘴中间的那个眼对准\r\n撞击点 \r\n，稍用力拧紧。对于牛眼和放射性裂纹一般不建议打孔，先尝试不打孔修复这样的修复效果好。如果抽真空几分钟后没有进药水，在用钻孔机在玻璃的撞击点上打一\r\n注液孔，</span><br style=\"widows:2;text-transform:none;text-indent:0px;font:12px/25px Simsun;white-space:normal;orphans:2;letter-spacing:normal;color:#434343;word-spacing:0px;-webkit-text-size-adjust:auto;-webkit-text-stroke-width:0px;\" />\r\n<span style=\"widows:2;text-transform:none;text-indent:0px;display:inline !important;font:12px/25px Simsun;white-space:normal;orphans:2;float:none;letter-spacing:normal;color:#434343;word-spacing:0px;-webkit-text-size-adjust:auto;-webkit-text-stroke-width:0px;\">第二步。加药水。一至两滴药水加入注胶器接嘴内的储液槽。</span><br style=\"widows:2;text-transform:none;text-indent:0px;font:12px/25px Simsun;white-space:normal;orphans:2;letter-spacing:normal;color:#434343;word-spacing:0px;-webkit-text-size-adjust:auto;-webkit-text-stroke-width:0px;\" />\r\n<span style=\"widows:2;text-transform:none;text-indent:0px;display:inline !important;font:12px/25px Simsun;white-space:normal;orphans:2;float:none;letter-spacing:normal;color:#434343;word-spacing:0px;-webkit-text-size-adjust:auto;-webkit-text-stroke-width:0px;\">第\r\n三步。安装注液修复器，首先确认修复器的真空度，将活塞拔出三分之一，一松手活塞应快速弹回，证明有真空度，在试验正压力，把活塞拔到头用手堵住修复器前\r\n端，把活塞慢慢向下推，堵在修复器口上的手应该有压力的感觉 \r\n。若没有上述现象，应及时更换修复器前端的小密封圈。并注意检查加液嘴里面的胶圈，如有漏气现象应立即更换。</span><br style=\"widows:2;text-transform:none;text-indent:0px;font:12px/25px Simsun;white-space:normal;orphans:2;letter-spacing:normal;color:#434343;word-spacing:0px;-webkit-text-size-adjust:auto;-webkit-text-stroke-width:0px;\" />\r\n<span style=\"widows:2;text-transform:none;text-indent:0px;display:inline !important;font:12px/25px Simsun;white-space:normal;orphans:2;float:none;letter-spacing:normal;color:#434343;word-spacing:0px;-webkit-text-size-adjust:auto;-webkit-text-stroke-width:0px;\">第\r\n四步。抽真空。开始向外拉注胶器活塞。拉尽为止。卡住活塞（可以往两边拧大螺母，使活塞卡槽坐在紧固螺丝上，或拧紧紧固螺丝）稍后3分钟。真空完毕 \r\n（观察孔内气泡的情况，直到没有气泡为止，必要时增加抽空时间）用加热工具在修复部位加温。温度不要超过45度。看到裂缝在药水和温度的作用下迅速消失。</span><br style=\"widows:2;text-transform:none;text-indent:0px;font:12px/25px Simsun;white-space:normal;orphans:2;letter-spacing:normal;color:#434343;word-spacing:0px;-webkit-text-size-adjust:auto;-webkit-text-stroke-width:0px;\" />\r\n<span style=\"widows:2;text-transform:none;text-indent:0px;display:inline !important;font:12px/25px Simsun;white-space:normal;orphans:2;float:none;letter-spacing:normal;color:#434343;word-spacing:0px;-webkit-text-size-adjust:auto;-webkit-text-stroke-width:0px;\">第\r\n五步，回压，分角度观察（一定要各个角度的观察裂缝修修复效果，这个很重要，因为裂缝的角度不一样，观察的角度也不同，一定要和裂缝成45度角平行观\r\n察，）这个时候药水在真空和压力的共同作用下会迅速的渗入。破损瞬间 \r\n消失。如修复效果不完美，就采取正压修复法。拧松修复器和注液嘴结合处，拔出活塞，在拧紧修复器，向里推活塞，推到一定程度就把螺母拧紧保压。然后用加热\r\n工具加温，这时裂缝在压力和温度的作用下消失，稍等两分钟药水完全渗透修复处至修复完毕，如没有修复完毕或洞孔较大修复效果不理想，在重复第4步。直至修\r\n复完毕。一般情况一次就能完全修复，无需第二次。</span><br style=\"widows:2;text-transform:none;text-indent:0px;font:12px/25px Simsun;white-space:normal;orphans:2;letter-spacing:normal;color:#434343;word-spacing:0px;-webkit-text-size-adjust:auto;-webkit-text-stroke-width:0px;\" />\r\n<span style=\"widows:2;text-transform:none;text-indent:0px;display:inline !important;font:12px/25px Simsun;white-space:normal;orphans:2;float:none;letter-spacing:normal;color:#434343;word-spacing:0px;-webkit-text-size-adjust:auto;-webkit-text-stroke-width:0px;\">第六步。拆下注胶器和支架。事先准备好薄膜一块。在拆注胶器的瞬间，注胶器里面剩余的药水会流出来。用薄膜覆盖洞口。薄膜覆盖时必须保证破孔里没气泡，若有气泡则在孔处点一小滴药水在慢慢的把薄膜向上平推着覆盖。</span><br style=\"widows:2;text-transform:none;text-indent:0px;font:12px/25px Simsun;white-space:normal;orphans:2;letter-spacing:normal;color:#434343;word-spacing:0px;-webkit-text-size-adjust:auto;-webkit-text-stroke-width:0px;\" />\r\n<span style=\"widows:2;text-transform:none;text-indent:0px;display:inline !important;font:12px/25px Simsun;white-space:normal;orphans:2;float:none;letter-spacing:normal;color:#434343;word-spacing:0px;-webkit-text-size-adjust:auto;-webkit-text-stroke-width:0px;\">第七步，融合固化。用紫外线灯（设备含有）２２０Ｖ　放置在修复处，　大约５分钟左右。把薄膜用小刀弄下来。刮除多余的已经干燥的药水即可。刮的时候刀片呈玻璃的９０度。不会对玻璃产生划痕。这是只剩下一个浅浅的半透明小点。</span><br style=\"widows:2;text-transform:none;text-indent:0px;font:12px/25px Simsun;white-space:normal;orphans:2;letter-spacing:normal;color:#434343;word-spacing:0px;-webkit-text-size-adjust:auto;-webkit-text-stroke-width:0px;\" />\r\n<span style=\"widows:2;text-transform:none;text-indent:0px;display:inline !important;font:12px/25px Simsun;white-space:normal;orphans:2;float:none;letter-spacing:normal;color:#434343;word-spacing:0px;-webkit-text-size-adjust:auto;-webkit-text-stroke-width:0px;\">第八步。用少许药水，越少越好滴在小点部位，贴上膜固化，半透明小点消失，直至达到最佳效果。（看不到修复痕迹）</span><br style=\"widows:2;text-transform:none;text-indent:0px;font:12px/25px Simsun;white-space:normal;orphans:2;letter-spacing:normal;color:#434343;word-spacing:0px;-webkit-text-size-adjust:auto;-webkit-text-stroke-width:0px;\" />\r\n<span style=\"widows:2;text-transform:none;text-indent:0px;display:inline !important;font:12px/25px Simsun;white-space:normal;orphans:2;float:none;letter-spacing:normal;color:#434343;word-spacing:0px;-webkit-text-size-adjust:auto;-webkit-text-stroke-width:0px;\">注意：加热温度加热至45度 不烫手为宜。</span><br style=\"widows:2;text-transform:none;text-indent:0px;font:12px/25px Simsun;white-space:normal;orphans:2;letter-spacing:normal;color:#434343;word-spacing:0px;-webkit-text-size-adjust:auto;-webkit-text-stroke-width:0px;\" />\r\n<span style=\"widows:2;text-transform:none;text-indent:0px;display:inline !important;font:12px/25px Simsun;white-space:normal;orphans:2;float:none;letter-spacing:normal;color:#434343;word-spacing:0px;-webkit-text-size-adjust:auto;-webkit-text-stroke-width:0px;\">观察修复的地方 如果胶水在有的地方没有渗入，用软性小棒在内侧震动玻璃使药水扩散至裂纹</span><br style=\"widows:2;text-transform:none;text-indent:0px;font:12px/25px Simsun;white-space:normal;orphans:2;letter-spacing:normal;color:#434343;word-spacing:0px;-webkit-text-size-adjust:auto;-webkit-text-stroke-width:0px;\" />\r\n<span style=\"widows:2;text-transform:none;text-indent:0px;display:inline !important;font:12px/25px Simsun;white-space:normal;orphans:2;float:none;letter-spacing:normal;color:#434343;word-spacing:0px;-webkit-text-size-adjust:auto;-webkit-text-stroke-width:0px;\">如果修复效果还是没有完全达到技术标准 继续重复3.4.5.6.7.8步直至达到工艺为止</span><br style=\"widows:2;text-transform:none;text-indent:0px;font:12px/25px Simsun;white-space:normal;orphans:2;letter-spacing:normal;color:#434343;word-spacing:0px;-webkit-text-size-adjust:auto;-webkit-text-stroke-width:0px;\" />\r\n<span style=\"widows:2;text-transform:none;text-indent:0px;display:inline !important;font:12px/25px Simsun;white-space:normal;orphans:2;float:none;letter-spacing:normal;color:#434343;word-spacing:0px;-webkit-text-size-adjust:auto;-webkit-text-stroke-width:0px;\">一般修复过程在20分钟内 。</span><br style=\"widows:2;text-transform:none;text-indent:0px;font:12px/25px Simsun;white-space:normal;orphans:2;letter-spacing:normal;color:#434343;word-spacing:0px;-webkit-text-size-adjust:auto;-webkit-text-stroke-width:0px;\" />\r\n<br style=\"widows:2;text-transform:none;text-indent:0px;font:12px/25px Simsun;white-space:normal;orphans:2;letter-spacing:normal;color:#434343;word-spacing:0px;-webkit-text-size-adjust:auto;-webkit-text-stroke-width:0px;\" />\r\n<br style=\"widows:2;text-transform:none;text-indent:0px;font:12px/25px Simsun;white-space:normal;orphans:2;letter-spacing:normal;color:#434343;word-spacing:0px;-webkit-text-size-adjust:auto;-webkit-text-stroke-width:0px;\" />\r\n<span style=\"widows:2;text-transform:none;text-indent:0px;display:inline !important;font:12px/25px Simsun;white-space:normal;orphans:2;float:none;letter-spacing:normal;color:#434343;word-spacing:0px;-webkit-text-size-adjust:auto;-webkit-text-stroke-width:0px;\">一，汽车玻璃裂纹的修补</span><br style=\"widows:2;text-transform:none;text-indent:0px;font:12px/25px Simsun;white-space:normal;orphans:2;letter-spacing:normal;color:#434343;word-spacing:0px;-webkit-text-size-adjust:auto;-webkit-text-stroke-width:0px;\" />\r\n<span style=\"widows:2;text-transform:none;text-indent:0px;display:inline !important;font:12px/25px Simsun;white-space:normal;orphans:2;float:none;letter-spacing:normal;color:#434343;word-spacing:0px;-webkit-text-size-adjust:auto;-webkit-text-stroke-width:0px;\">1.\r\n清洁玻璃表面，再用烘干机吹干玻璃裂缝及表面，长裂缝在裂缝处贴上透明胶带，超长在裂缝两端打好止裂孔，（裂缝的反面用裂缝扩张器适当加压，切不可用力过\r\n度，避免扩大裂缝），在玻璃正面将注胶器的注胶头对准止裂孔并固定胶器，将修补药水注入注胶头内孔，修复器需 \r\n拔出一段，修复器加压，拧紧紧固螺栓，此时修补树脂便可从注胶头缓缓流向另一端，直至充满裂缝。操作时尽量避免光照，以免树脂未完全渗入裂缝前已固化。通\r\n过观察裂缝的侧面可以判断胶液的渗入情况，如流速过慢可加温。 \r\n也可直接将药水涂在裂缝处，药水自动渗透，但要注意不要让药水流速过快，以防止裂缝里产生气泡，加涂药水不要超过修复处，要在修复处后1mm的地方加涂。</span><br style=\"widows:2;text-transform:none;text-indent:0px;font:12px/25px Simsun;white-space:normal;orphans:2;letter-spacing:normal;color:#434343;word-spacing:0px;-webkit-text-size-adjust:auto;-webkit-text-stroke-width:0px;\" />\r\n<span style=\"widows:2;text-transform:none;text-indent:0px;display:inline !important;font:12px/25px Simsun;white-space:normal;orphans:2;float:none;letter-spacing:normal;color:#434343;word-spacing:0px;-webkit-text-size-adjust:auto;-webkit-text-stroke-width:0px;\">如果钻孔止裂，可在裂缝上贴透明胶带并盖住止裂孔，止裂孔处胶带钻一小孔，放上修复器，抽真空，然后再排气，或放回活塞，药水在真空作用下将裂缝添平。如药水流速慢，可在裂缝处加热，但温度不要过高，手摸有温度就行 ，修复完后撕下胶带，并贴片（在贴片上涂些药水）</span><br style=\"widows:2;text-transform:none;text-indent:0px;font:12px/25px Simsun;white-space:normal;orphans:2;letter-spacing:normal;color:#434343;word-spacing:0px;-webkit-text-size-adjust:auto;-webkit-text-stroke-width:0px;\" />\r\n<span style=\"widows:2;text-transform:none;text-indent:0px;display:inline !important;font:12px/25px Simsun;white-space:normal;orphans:2;float:none;letter-spacing:normal;color:#434343;word-spacing:0px;-webkit-text-size-adjust:auto;-webkit-text-stroke-width:0px;\">2.上述操作完成后，用紫外灯照射10分钟，揭去透明胶带，用单面刀片（呈90度角）修平裂缝处多余修补液，</span><br style=\"widows:2;text-transform:none;text-indent:0px;font:12px/25px Simsun;white-space:normal;orphans:2;letter-spacing:normal;color:#434343;word-spacing:0px;-webkit-text-size-adjust:auto;-webkit-text-stroke-width:0px;\" />\r\n<span style=\"widows:2;text-transform:none;text-indent:0px;display:inline !important;font:12px/25px Simsun;white-space:normal;orphans:2;float:none;letter-spacing:normal;color:#434343;word-spacing:0px;-webkit-text-size-adjust:auto;-webkit-text-stroke-width:0px;\">3，短小裂缝可直接点药水，可以渗透进去，但注意一定要缓慢操作，从最端部点一滴，等渗透进去后在渗透部位的端部后一厘米在滴一滴药水，千万不要超过渗透部位点药水，以免里面产生空气。</span><br style=\"widows:2;text-transform:none;text-indent:0px;font:12px/25px Simsun;white-space:normal;orphans:2;letter-spacing:normal;color:#434343;word-spacing:0px;-webkit-text-size-adjust:auto;-webkit-text-stroke-width:0px;\" />\r\n<span style=\"widows:2;text-transform:none;text-indent:0px;display:inline !important;font:12px/25px Simsun;white-space:normal;orphans:2;float:none;letter-spacing:normal;color:#434343;word-spacing:0px;-webkit-text-size-adjust:auto;-webkit-text-stroke-width:0px;\">如在裂缝端部点滴药水，药水不渗入，可用火机加热，一会药水就渗透进去。可在裂缝中部点滴，一般都能渗进，如不进药水，可在玻璃裂纹内侧用手指甲轻顶裂缝，也可用裂缝扩张器顶着，等药水渗入就不要顶了，然后就往两侧修。直至修复完毕。</span><br style=\"widows:2;text-transform:none;text-indent:0px;font:12px/25px Simsun;white-space:normal;orphans:2;letter-spacing:normal;color:#434343;word-spacing:0px;-webkit-text-size-adjust:auto;-webkit-text-stroke-width:0px;\" />\r\n<span style=\"widows:2;text-transform:none;text-indent:0px;display:inline !important;font:12px/25px Simsun;white-space:normal;orphans:2;float:none;letter-spacing:normal;color:#434343;word-spacing:0px;-webkit-text-size-adjust:auto;-webkit-text-stroke-width:0px;\">4，如果裂缝到了玻璃边缘，修复完后在边缘裂缝处玻璃黑色部分点一滴药水轻盖上贴片，药水越厚越好再用灯固化，不要刮，以达到最强修复效果</span><br style=\"widows:2;text-transform:none;text-indent:0px;font:12px/25px Simsun;white-space:normal;orphans:2;letter-spacing:normal;color:#434343;word-spacing:0px;-webkit-text-size-adjust:auto;-webkit-text-stroke-width:0px;\" />\r\n<span style=\"widows:2;text-transform:none;text-indent:0px;display:inline !important;font:12px/25px Simsun;white-space:normal;orphans:2;float:none;letter-spacing:normal;color:#434343;word-spacing:0px;-webkit-text-size-adjust:auto;-webkit-text-stroke-width:0px;\">5，超长裂缝在药水渗入完毕，贴片都贴好后。可将车移到太阳下晒，利用太阳紫外线晒十分钟到二十分钟，完成药水固化。</span><br style=\"widows:2;text-transform:none;text-indent:0px;font:12px/25px Simsun;white-space:normal;orphans:2;letter-spacing:normal;color:#434343;word-spacing:0px;-webkit-text-size-adjust:auto;-webkit-text-stroke-width:0px;\" />\r\n<span style=\"widows:2;text-transform:none;text-indent:0px;display:inline !important;font:12px/25px Simsun;white-space:normal;orphans:2;float:none;letter-spacing:normal;color:#434343;word-spacing:0px;-webkit-text-size-adjust:auto;-webkit-text-stroke-width:0px;\">6，横细裂缝不易进药水可采取升温方式进行渗透修复，药水点在裂缝一端，然后再玻璃内侧轻轻升温，药水的量一定要少，否则会有气体发生在裂缝里。药水渗人后在点滴修复，并加热。</span>\r\n</p>', '', '', '2013-07-24 16:50:52', '本网站', '汽车玻璃修复操作规范', '1', '0');
INSERT INTO `t_news` VALUES ('27', '2013-07-24 16:50:37', '<p>\r\n	1.很多人都有在高速行车时，挡风玻璃被石子或其他硬物弹裂的经历。汽车挡风玻璃是一种双层胶合玻璃，受到外力的撞击时， \r\n如果外力不足以让它破碎而只产生裂痕，中间的胶合层就会因空,气进入和大气压力的作用而分离，一般情况下，人们都认为玻璃是不能修补的，遇到这种情况，如\r\n果不及时处理，车子的震动、行车风压和结构应力就会让裂缝越扩越大，不仅影响视线，还,会对安全造成威胁。所以很多用户为了一个小洞就换掉整块玻璃，不仅\r\n浪费，而且实在是不值；即便是保险给索赔，用户也不愿意换掉原厂的玻璃，因为不论是玻璃质量还是安装技术对车的密闭防水和表面工艺都有影响。这时，如果去\r\n做汽车玻璃修补将是较理想的解决办法。说起汽车玻璃的修补，也许有些人不知道有这么回事，但在重视环保的现代化国家里，它算是很普遍的行业。汽车玻璃修补\r\n针对玻璃裂缝或小伤口进行处理，操作时间短，不会影响日常用车。“汽车挡风玻璃修复”是一种汽车美容新概念.它可以将您爱车受损的挡风玻璃修复完美. \r\n修复后更加坚固。\r\n</p>\r\n<p>\r\n	修复的范围：汽车挡风玻璃，前后大灯玻璃，大楼玻璃，橱窗玻璃，胶合玻璃等。\r\n</p>\r\n<p>\r\n	修复形状：牛眼状，半牛眼状，星状，综合型，裂缝等。\r\n</p>\r\n<p>\r\n	修复好处：防止破洞或裂痕的扩大，保证行车安全,无须拆卸玻璃，避免拆卸玻璃造成的密封不良,隔音等问题,保持优质的原厂挡风玻璃,减少废弃玻璃，\r\n符合环保趋势,修复后坚固耐用，恢复玻璃原有的强度，改善外观，清晰度可达95%以上,对于挡风玻璃已经贴膜的朋友,无须更换,减少费用。对于中、高档车\r\n主，发生汽车玻璃破损或裂缝，他们还是喜欢原装玻璃。因为手工安装挡风玻璃无法与汽车制造厂机械化安装的密封、防水和隔音效果等相比较。而且玻璃质量也不\r\n一样。其次，许多车主已贴上防爆膜，若发生玻璃破损，即使保险同意赔偿汽车玻璃，但也不赔偿防爆膜。玻璃修补省时又方便。由于玻璃修补设备简便，可以上门\r\n服务；而且玻璃修补只要花费20分钟时间左右。而玻璃更换则需要在特殊的地点，花费6-8小时才行（按照汽车玻璃安装标准，3M玻璃胶完全干透需要6小时\r\n左右时间）。否则，在玻璃胶未干情况下行车， 汽车玻璃容易移位，这样容易产生漏水、不隔音、玻璃易裂等症状。<br />\r\n以往汽车玻璃出现破损只能是唯一的方法——更换，一般中档车玻璃外带防爆膜也需上千元，而用修补的方法一个破损点只需100——300元，5公分裂缝也只\r\n要150元左右。修补一个破损点只需要不到20分钟即可,而成本就是几元钱。汽车玻璃修补主要针对玻璃小裂缝或小伤口范围内进行修补,操作时间短,不会影\r\n响日常用车,修补后马上就可以见水正常使用,汽车玻璃的修补主要是利用专用设备在裂缝中填充玻璃液态原料,靠紫外线产生光子固化,强度可达原玻璃的90%\r\n以上,施工过程特别精细专业,主要工具是玻璃真空修补机,它能够将玻璃伤口内的空气抽掉,将液态玻璃修补原料利用大气压力吸到玻璃裂缝里,然后用紫外光谱\r\n射线进行固化,让玻璃液态原料像水泥一样变硬,最后做玻璃表面平整处理就可以正常使用了,修补后的平整度用手都摸不出来,感觉不到有修补过的坎子.产品携\r\n带方便，可以携带外出到指定地点修复。修复效果近乎完美，操作简单，又节省产品用量，是当今玻璃修复工具中最先进的，使用这种新设备，通常完成一次修复只\r\n需要3-4 \r\n滴的玻璃修补剂，仅花费20分钟左右的时间，一次抽与压过程，即可轻松修复不留痕。这比传统的EZ高压真空玻璃修补设备约节省50%的玻璃修补剂, \r\n节约一半的操作时。成本很低，最重要的是, 它能够轻而易举地修补各种类型的破损玻璃，即使是裂痕较大的玻璃, \r\n也可以完美如初，修复质量绝对可靠耐用，修复上千快玻璃无一返修，这是其他任何设备所无法媲美的 。<br />\r\n对于中、高档车主，发生汽车玻璃破损或裂缝，他们还是喜欢原装玻璃。因为手工安装挡风玻璃无法与汽车制造厂机械化安装的密封、防水和隔音效果等相比较。而且玻璃质量也不一样。<span class=\"Apple-converted-space\">&nbsp;</span><br />\r\n其次，许多车主已贴上防爆膜，若发生玻璃破损，即使保险同意赔偿汽车玻璃，但也不赔偿防爆膜。 \r\n再者，对于保险而言，汽车玻璃修补收费只是玻璃更换成本的15%左右。 最后， \r\n玻璃修补省时又方便。由于玻璃修补设备简便，可以上门服务；而且玻璃修补只要花费20分钟时间左右。而玻璃更换则需要在特殊的地点，花费6-8小时才行\r\n（按照汽车玻璃安装标准，3M玻璃胶完全干透需要6小时左右时间）。否则，在玻璃胶未干情况下行车， \r\n汽车玻璃容易移位，这样容易产生漏水、不隔音、玻璃易裂等症状。尤其对于出租车、外地车辆、大巴,卡车，工程车辆，公交车，等赶时间车辆的玻璃破损进行修\r\n补是非常有利。 \r\n以往汽车玻璃出现破损只能是唯一的方法——更换，一般中档车玻璃外带防爆膜也需上千元，而用修补的方法一个破损点只需100——300元，5公分裂缝也只\r\n要150元左右。修补一个破损点只需要不到20分钟即可个人仅仅需要投资不多的费用，就可以进行经营销售。您投入的资本您可以取得实实在在的收入，也是市\r\n场实实在在的需求。是汽车一族和用车人必须需要的服务。\r\n</p>\r\n<p>\r\n	2 长期经营：\r\n</p>\r\n<p>\r\n	汽车凹陷修复技术，挡风玻璃修复技术是完美的组合，是分不开的美容项目，随着汽车产业的飞速发展，市场会越来越大。你的修理厂或美容店增加了汽车凹陷修复技术，挡风玻璃修复技术，您的利润收入也会非常丰厚，源源不断。\r\n</p>\r\n<p>\r\n	3. 初期创业者也可无须开店，直接经营，您只要投资些名片和网络的宣传，便可以直接经营销售。您也可以把您周遍的小规模修理厂和美容店联系起来，利润分成，省去了纳税，和房租，只要您的信息推广好，就可以赚钱了。\r\n</p>\r\n<p>\r\n	4. 工具携带方便，可在户外进行各种修复，随时随地创造效益。\r\n</p>', '', '', '2013-07-24 16:50:52', '本网站', '汽车玻璃裂损修复简介', '1', '0');
INSERT INTO `t_news` VALUES ('28', '2013-07-24 16:54:58', '<div class=\"introduce\">\r\n	&nbsp;&nbsp;&nbsp;&nbsp;核心提示： 信义玻璃(00868.HK)行政总裁董清世於中期业绩发布会上表示，预期下半年是行业旺季，随着市场供求改善，他相信玻璃下半年售价在\r\n</div>\r\n<div id=\"content\">\r\n	<div class=\"content\" id=\"article\">\r\n		&nbsp;&nbsp;&nbsp;&nbsp;&nbsp;&nbsp; 信义玻璃(00868.HK)行政总裁董清世於中期业绩发布会上表示，预期下半年是行业旺季，随着市场供求改善，他相信玻璃下半年售价在成本稳定的情况下会上升，故毛利率亦将进一步改善，亦对行业前景乐观。<br />\r\n他表示，<a title=\"浮法玻璃\" target=\"_blank\" href=\"http://www.deltakits.cn\"><span style=\"color:#0056bd;\">浮法玻璃</span></a>产\r\n品毛利率虽按年由4.3%提升至18%，但仍处行业低谷期，因产品於2009年高峰时期的毛利率曾高达30-40%；又指产品现时需求仍大，当中特色浮法\r\n玻璃在上半年的生产比率，更已由16.7%按年升至23.3%，未来将继续改善有关产品结构，冀毛利率可回升至高峰时期的水平。<br />\r\n他续指，目前浮法玻璃产品订单充裕，订单量已足够生产至今年底。\r\n	</div>\r\n</div>', '', '', '2013-07-24 17:05:55', '中国汽车玻璃网', '信义玻璃：浮法玻璃业务仍处低谷', '0', '0');
INSERT INTO `t_news` VALUES ('29', '2013-07-24 16:56:12', '<div class=\"introduce\">\r\n	&nbsp;&nbsp;&nbsp;&nbsp;核心提示： 《财富》中文网7月16日发布2013年中国500强企业排行榜名单，福耀玻璃再次榜上有名。　　据了解，今年中国500强企业的上榜门槛（\r\n</div>\r\n<div id=\"content\">\r\n	<div class=\"content\" id=\"article\">\r\n		&nbsp;&nbsp;&nbsp;&nbsp;&nbsp; 《财富》中文网7月16日发布2013年中国500强企业排行榜名单，<a title=\"福耀玻璃\" target=\"_blank\" href=\"http://www.deltakits.cn\"><span style=\"color:#0056bd;\">福耀玻璃</span></a>再次榜上有名。<br />\r\n据了解，今年中国500强企业的上榜门槛（营业收入）由去年的62.08亿元提高到72.5亿元。榜单显示，中石化、中石油继去年之后，再次分别蝉联第一、第二名，中国建筑股份有限公司取代中国移动有限公司成为第三名。福耀<a title=\"玻璃工业\" target=\"_blank\" href=\"http://www.deltakits.cn\"><span style=\"color:#0056bd;\">玻璃工业</span></a>集团股份有限公司以102.47亿元的营业收入、15.25亿元的净利润居第385位。\r\n	</div>\r\n</div>', '', '', '2013-07-24 17:05:55', '中国汽车玻璃网', '福耀玻璃再次上榜中国500强企业', '0', '0');
INSERT INTO `t_news` VALUES ('30', '2013-07-24 16:58:01', '近日，全球领先的高分子材料供应商格林开思茂推出全球首家100μm内的<a target=\"_blank\" href=\"http://www.deltakits.cn\">钢化玻璃</a>膜\r\nAB双面胶产品,厚度分别为80μm、88μm、99μm，弥补了钢化玻璃膜材料的空白。市面上钢化玻璃膜AB双面胶普遍厚度是120μm、140μm、\r\n180μm、200μm、250μm、320μm，关于钢化玻璃膜AB双面胶产品，日本开思茂公司在10年前已经在日本研发成功，量产已经有4年，前期阶\r\n段主要是通过台湾合作伙伴，产品主供市场是欧洲，格林开思茂超薄AB双面胶不断在研发超薄应用产品去满足未来超薄手机的趋势。<br />\r\n格林开思茂钢化玻璃膜AB双面胶产品特点如下：<br />\r\n超薄；<br />\r\n快速自动排气；<br />\r\n高透光率92%以上；<br />\r\n不残胶；<br />\r\n不起泡；<br />\r\n没水印；<br />\r\n稳定。<br />\r\n格林开思茂推出的高质量AB双面胶满足及弥补了超薄钢化玻璃膜的高端市场，解决了高端客户的需求和愿望，其产品已在华南区得到大量采购应用，并得到了业界很高评价和认可，详细资料请登录格林开思茂网站（www.greencosmotec.com）或电话咨询。<br />\r\n关于格林开思茂，格林开思茂光电科技股份有限公司（简称格林开思茂）是日本开思茂COSMOTAC?作为技术投资成员与中国青年企业家于2011年共\r\n同成立的一家科技型企业（COSMOTAC?在日本立川于1989年成立，是专门从事高分子化学技术开发的全球领先企业）。格林开思茂占地面积70亩，拥\r\n有日本先进的高分子聚合技术、最先进挤压式涂布设备和气浮式烘烤高精密设备、1000级无尘室车间（涂头部分1000级）。格林开思茂集研发、生产、市场\r\n为一体，生产光学级高洁净度、高精度的产品，产品广泛应用于触摸屏、背光源、LCD显示屏及柔性线路板等领域。', '', '', '2013-07-24 17:05:55', '中国汽车玻璃网', '全球最薄钢化玻璃膜AB双面胶上市', '0', '0');
INSERT INTO `t_news` VALUES ('31', '2013-07-24 16:58:50', '&nbsp;&nbsp;&nbsp;&nbsp;巴西发展、工业和外贸部7月15日发布公告，决定对进口自中国的浮法玻璃（float-glass）启动反倾销调查，涉案产品南共市税号为：7005.29.00。<br />\r\n<br />\r\n本案倾销 \r\n调查期为2011年10月至2012年9月，损害调查期为2007年10月至2012年9月。鉴于中国在反倾销程序中未被视作市场经济国家，巴方拟以墨西\r\n哥为替代国来计算正常价值。因涉案产品生产商和出口商数量众多，巴方将选取出口量较大者发放调查问卷。相关利害关系方可在公告日起20天内向巴方申请参加\r\n调查，相关涉案企业应在40天内填写并提交调查问卷。', '', '', '2013-07-24 17:05:55', '中国汽车玻璃网', '巴西对浮法玻璃启动反倾销调查', '0', '0');
INSERT INTO `t_news` VALUES ('32', '2013-07-24 16:59:26', '6月27日上午八点二十八分，在信义玻璃控股有限公司（信义玻璃）东莞虎门生产基地，随着一声点火开始，信义玻璃董事局主席李贤义、高级顾问陈未远，中建\r\n二局总经理许远峰，河南省安装集团有限公司监事会主席郭长崎、安徽蚌埠设计院深圳分院院长李桂英同时启动点火按钮，一条条火舌吐向炉膛，信义玻璃第三条优\r\n质浮法玻璃生产线顺利点火，正式进入烤窑和试生产阶段。集团董事、高层领导、浮法玻璃公司主要干部和员工共同见证了这一激动人心的时刻。<br />\r\n<br />\r\n&nbsp;&nbsp;&nbsp;&nbsp;&nbsp;&nbsp;&nbsp;&nbsp;信义玻璃于2006年3月和6月份，分别点火了日产700T和日产500T的两条优质浮法生产线，信义玻璃以其优质的品质快速占领了国际\r\n国内市场，客户订单源源不断，产品价格一直呈上扬趋势，产品仍供不应求，为了彻底解决客户玻璃需求问题，信义玻璃以市场为导向，适时投资兴建了具有国际先\r\n进水平的第三条浮法玻璃线，并顺利点火了。预计该生产线将在下月产出玻璃，日产量为500吨，可生产厚度为1.5-12mm的优质浮法玻璃。该生产线投产\r\n后，信义玻璃生产总量将大幅提高，其产品将与原有一线、二线互为补充，使得信义浮法玻璃产品规格更齐全，产品结构更合理。<br />\r\n<br />\r\n&nbsp;&nbsp;&nbsp;&nbsp;&nbsp;&nbsp;&nbsp;&nbsp;该线的顺利点火标志着信义浮法玻璃在生产规模、生产总量、规格品种等方面跃上了一个新台阶，对加快扩大公司的市场占有率，最大限度满足市\r\n场需求，提高信义玻璃的盈利能力，巩固信义玻璃在行业内的领导地位具有十分重要的意义。是信义浮法玻璃发展史上的一个新的里程碑，预示着信义集团浮法玻璃\r\n事业即将向更高更深的领域迈进。', '', '', '2013-07-24 17:05:55', '中国汽车玻璃网', '信义玻璃三线500T/D优质浮法玻璃生产线点火投产', '0', '0');
INSERT INTO `t_news` VALUES ('33', '2013-07-24 17:04:18', '<strong> &nbsp;&nbsp;&nbsp;&nbsp;能耗比改造前将降低22%以上，废气排放量减少60%以上<br />\r\n</strong>&nbsp;&nbsp;&nbsp;&nbsp;&nbsp; 【中国玻璃网】日前，全国首条全氧燃烧<a class=\"blue\" title=\"超白玻璃\" target=\"_blank\" href=\"http://www.deltakits.cn\"><span style=\"color:#0054a6;\">超白玻璃</span></a>生产线在安徽蚌埠华光<a class=\"blue\" title=\"玻璃\" href=\"http://www.glass.com.cn/\" target=\"_blank\"><span style=\"color:#0054a6;\">玻璃</span></a>集团点火运行。记者在这条生产线的中心控制室看到，巨大的控制柜上数十个指示灯，以及20多个监控屏清晰地显示着封闭生产线的内部燃烧等情况。<br />\r\n据了解，<a class=\"blue\" title=\"浮法玻璃\" href=\"http://www.glass.com.cn/glassnews/k_%b8%a1%b7%a8%b2%a3%c1%a7_page_1\" target=\"_blank\"><span style=\"color:#0054a6;\">浮法玻璃</span></a>熔窑传统的空气助燃，只有21%的氧气参与助燃，78%的氮气不仅不参与燃烧，还携带大量的热量和废气排入大气。全氧燃烧与传统的空气助燃方式相比，具有低投资、低能耗等优点，被称为玻璃熔化技术发展历史上的“第二次革命”。<br />\r\n为改造提升传统制造业，蚌埠玻璃工业设计研究院利用自主创新的具有国际先进水平的浮法<span style=\"color:#0054a6;\">玻璃窑炉</span>全氧燃烧技术，采用全氧燃烧、烟气余热发电、超白玻璃制造技术等，对华光集团日熔化量550吨浮法玻璃生产线进行了技术改造。该项目被列入国家发改委、工业信息部重点产业振兴和技术改造新增中央预算内投资项目，是科技部“十一五”重点<span style=\"color:#0054a6;\">节能减排</span>项\r\n目之一，也是中国浮法玻璃行业第一个全氧燃烧生产线。该项目投产后将形成年产优质浮法玻璃、超白玻璃337万重量箱的产能。此外，配套建设的余热发电项目\r\n今年一季度投产后将实现年供电量1226万度。据预测，通过这次改造，该生产线能耗将降低22%以上，年节约标准煤可达17681吨，各类污染物排放也将\r\n大幅度下降，其中废气排放量减少60%以上，废气中氮氧化合物下降80%—90%、烟尘和粉尘也降低50%以上。', '', '', '2013-07-24 17:05:55', '中国汽车玻璃网', '国内首条全氧燃烧玻璃生产线在蚌埠华光玻璃集团点火投运', '0', '0');
INSERT INTO `t_news` VALUES ('34', '2013-07-24 17:05:10', '&nbsp;&nbsp;&nbsp;&nbsp;近日，3家中国<a class=\"blue\" title=\"汽车玻璃\" target=\"_blank\" href=\"http://www.deltakits.cn\">汽车玻璃</a>制造商通过美国运输部DOT验证，获得了由美国运输部颁发的安全标准序列号。<br />\r\n<br />\r\nDOT992被授予给了位于中国江苏省张家港市牡丹汽车附件有限公司。而位于安徽合肥的安全汽车<a class=\"blue\" title=\"玻璃\" target=\"_blank\" href=\"http://www.deltakits.cn\">玻璃</a>有限公司获得的序列号为NO.993.<br />\r\n<br />\r\n另外一个序列号的获得者是中国广东的鹤山正大汽车玻璃有限公司，其主要产品为汽车前挡风玻璃，<a class=\"blue\" title=\"钢化玻璃\" target=\"_blank\" href=\"http://www.autoglass.cn\">钢化玻璃</a>及其相关汽车产品。<br />\r\n<br />\r\n我们相信，获得此序列号就等于获得了美国政府对中国玻璃的认可，中国汽车玻璃进入美国市场将如虎添翼。<br />\r\n<br />\r\nDOT表示此汽车玻璃符合美国交通部（U.S.DepartmentofTransportation,DOT)规定的安全标准。“DOT”后面紧挨\r\n着的3位数字则表示此汽车玻璃的识别号码或序列号。DOT分为A\\B\\C三级，其中C级标准最低，仅达到了美国运输部（DOT）规定的最低性能条件。其他\r\n两级均高于DOT要求的标准。', '', '', '2013-07-24 17:05:55', '中国汽车玻璃网', '三家中国汽车玻璃制造商获美国运输部序列号', '0', '0');
INSERT INTO `t_news` VALUES ('35', '2013-07-24 17:05:48', '&nbsp;&nbsp;&nbsp;&nbsp;全球第3大平板玻璃厂商——法国圣戈班\r\n（Saint Gobain）首席执行官Pierre-André de \r\nChalendar，于9月11日在东京接受《日本经济新闻》社记者的采访时透露了“在印度、俄罗斯等国与日本中央硝子合作，扩大与日资汽车厂商贸易”的\r\n方针。 <br />\r\n<br />\r\n该公司与日本业内排名第3位的中央硝子在汽车玻璃领域合作，在日本设有合资公司。其在印度单独开展业务，握有该市场约2成的份额。与日资厂商的贸易仅\r\n限于向丰田汽车供货，且为数极少。Chalendar说:“日资厂商的质量要求是全球最严格的，因此我们需要中央的技术能力”。同时还表示，为了满足丰田\r\n和本田于2009年新建工厂的需求，将考虑强化人才与技术交流。 <br />\r\n<br />\r\n在俄罗斯，该公司也将通过与中央的合作，“从波兰、瑞典的圣戈班基地（向日资厂商工厂）供货”。<br />\r\n<div class=\"b10 c_b\">\r\n	&nbsp;\r\n</div>', '', '', '2013-07-24 17:05:55', '中国汽车玻璃网', '法、日汽车玻璃制造商携手开拓印、俄市场', '0', '0');
